id,date,description,amount,account_ref
LGR-000001,2024-01-04,  Ödəniş - Nərgiz Dizayn Studiyası ,3897.86,TEST216739
LGR-000002,2024-01-04,Ödəniş - Ulduz Tekstil,3897.86,TEST216739
LGR-000003,2024-02-24,  Ödəniş - Şəms MMC ,176.63,TEST719176
LGR-000004,2024-03-24,Mədaxil - Zümrüd Logistika,3686.96,TEST308496
LGR-000005,2024-02-05,Xidmət haq...,3988.33,TEST717889
LGR-000006,2024-01-14,Ödəniş - Günəş Ticarət MMC,2001.91,TEST452944
LGR-000007,2024-02-28,Xidmət  haqqı  -  Günəş  Ticarət  MMC,2821.37,TEST865179
LGR-000008,2024-01-25,Ödəniş - Günəş Ticarət MMC,3703.98,TEST705397
LGR-000009,2024-02-18,  Fatura ödənişi - Bahar Qida MMC ,1467.38,TEST205907
LGR-000010,2024-03-28,Malların dəyəri - Günəş Ticarət MMC,3407.57,TEST835911
LGR-000011,2024-02-18,  Malların dəyəri - Qızıl Balıq Restoranı ,1425.30,TEST584714
LGR-000012,2024-01-30,Ödəniş - Öznur Xidmətləri,4230.75,TEST158655
LGR-000013,2024-03-23,  Mədaxil - Nərgiz Dizayn Studiyası ,759.05,TEST514850
LGR-000014,2024-03-15,Xidmət haqqı - İpək Yolu Ticarət,2256.22,TEST883300
LGR-000015,2024-01-07,Mədaxil - Günəş Ticarət MMC,4524.65,TEST892495
LGR-000016,2024-03-17,Fatura ödənişi - Zümrüd Logistika,2463.92,TEST500156
LGR-000017,2024-03-09,Fatura  ödənişi  -  NƏRGIZ  Dizayn  Studiyası,3946.76,TEST814825
LGR-000018,2024-03-05,Ödəniş - Zümrüd Logistika,8089.75,TEST376183
LGR-000019,2024-03-22,  Mədaxil - İpək Yolu Ticarət ,2671.61,TEST982554
LGR-000020,2024-01-01,Ödəniş  -  bahar  Qida  MMC,1709.51,TEST656116
LGR-000021,2024-01-08,Ödəniş  -  İpək  yolu  Ticarət,1272.86,TEST351083
LGR-000022,2024-03-01,Mədaxil - Zümrüd Logistik...,4974.21,TEST791798
LGR-000023,2024-03-29,Xidmət haqqı - Nərgiz Dizayn Studiyası,3747.90,TEST891952
LGR-000024,2024-02-27,Ödəniş - Uldu...,1309.73,TEST642717
LGR-000025,2024-03-21,Ödəniş - Ulduz Tekstil,318.66,TEST174441
LGR-000026,2024-03-10,Malların dəyəri - İpək Yolu Ticarət,3802.45,TEST324643
LGR-000027,2024-01-13,Xidmət haqqı - Qızıl Balıq Restoranı,518.19,TEST299659
LGR-000028,2024-03-27,Ödəniş  -  günəş  Ticarət  MMC,3435.98,TEST156802
LGR-000029,2024-02-24,Mədaxil - Bahar Qida MMC,1470.37,TEST246991
LGR-000030,2024-01-02,Ödəniş - Ulduz Tekstil,498.96,TEST666847
LGR-000031,2024-01-02,Ödəniş - Xəzər Konsalting,498.96,TEST666847
LGR-000032,2024-01-01,Xidmət haqqı - Nərgiz Dizayn Studiyas...,2056.93,TEST497382
LGR-000033,2024-03-15,Ödəniş - Zümrüd Logistika,3867.38,TEST161324
LGR-000034,2024-01-08,Ödəniş - Xəzər Konsalting,430.01,TEST265080
LGR-000035,2024-01-16,Mədaxil - İpək Yolu Ticarət,4946.67,TEST523389
LGR-000036,2024-03-15,Fatura ödənişi - Zümrüd Logistika,2973.41,TEST789305
LGR-000037,2024-02-03,Fatura ödənişi - Xəzər Konsalting,2085.05,TEST350280
LGR-000038,2024-02-03,Ödəniş - Öznur Xidmətləri,704.45,TEST630458
LGR-000039,2024-02-08,Malların  dəyəri  -  Qızıl  BALIQ  Restoranı,4241.52,TEST837715
LGR-000040,2024-01-15,  Malların dəyəri - Günəş Ticarət MMC ,4674.65,TEST377312
LGR-000041,2024-01-27,Ödəniş - Zümrüd Logistika,7308.92,TEST459536
LGR-000042,2024-03-22,Ödəniş  -  Nərgiz  Dizayn  Studiyası,2230.75,TEST196781
LGR-000043,2024-02-24,Ödəniş - Günəş Ticarət MMC,60.69,TEST678478
LGR-000044,2024-01-05,Malların dəyəri - Öznur Xidmətləri,4385.68,TEST672092
LGR-000045,2024-01-27,Ödəniş - Ulduz Tekstil,3585.99,TEST475190
LGR-000046,2024-01-20,Mədaxil - Ulduz Tekstil,4863.66,TEST750810
LGR-000047,2024-02-12,Mədaxil -...,4111.95,TEST288073
LGR-000048,2024-01-26,  Mədaxil - Nərgiz Dizayn Studiyası ,1843.21,TEST333238
LGR-000049,2024-02-05,Fatura ödənişi - Günəş Ticarət MMC,4541.69,TEST444207
LGR-000050,2024-01-04,Mədaxil - Nərgiz Dizayn Studiyası,4608.20,TEST447235
LGR-000051,2024-03-17,Fatura ödənişi - Öznur Xidmətləri,2288.36,TEST213668
LGR-000052,2024-02-25,Malların dəyəri - Zümrüd Logistika,18.86,TEST843215
LGR-000053,2024-02-12,Ödəniş - Öznur Xidmətləri,3277.12,TEST796503
LGR-000054,2024-02-21,Mədaxil - Ulduz Tekstil,466.92,TEST528231
LGR-000055,2024-02-20,Mədaxil - Qızıl Balıq Restoranı,203.76,TEST528231
LGR-000056,2024-02-21,Mədaxil - İpək Yolu Ticarət,373.33,TEST528231
LGR-000057,2024-01-01,Mədaxil - Nərgiz Dizayn Studiyası,1603.17,TEST674553
LGR-000058,2024-02-26,Mədaxil - Qızıl Balıq Restoranı,2328.19,TEST587575
LGR-000059,2024-03-25,Fatura  ödənişi  -  İpək  Yolu  Ticarət,3328.43,TEST640490
LGR-000060,2024-01-06,Malların dəyəri - Bahar Qida MMC,1293.68,TEST125611
LGR-000061,2024-01-25,Ödəniş - Şəfəq Baytarlıq Kliniki,3776.20,TEST703634
LGR-000062,2024-01-25,  Ödəniş - Çinar Tikinti MMC ,3776.20,TEST703634
LGR-000063,2024-03-30,Ödəniş - Bahar Qida MMC,2725.59,TEST284430
LGR-000064,2024-03-08,Xidmət haqqı - Öznur Xidmətləri,3131.88,TEST800005
LGR-000065,2024-03-11,Xidmət haqqı - Xəzər Konsalting,4713.95,TEST547470
LGR-000066,2024-03-07,Ödəniş -...,2550.68,TEST390782
LGR-000067,2024-03-07,Ödəniş - Ulduz Tekstil,2550.68,TEST390782
LGR-000068,2024-01-30,Mədaxil - Şəfəq Baytarlıq Kliniki,2018.20,TEST258157
LGR-000069,2024-02-29,Mədaxil - Şəms MMC,2189.85,TEST668969
LGR-000070,2024-01-03,Çek ödənişi - İpək Yolu Ticarət,-4501.74,TEST829308
LGR-000071,2024-02-08,Xidmət haqqı - Çinar Tikinti MMC,3960.37,TEST468845
LGR-000072,2024-01-29,Xidmət  haqqı  -  Çinar  Tikinti  MMC,1440.96,TEST611945
LGR-000073,2024-03-20,Malların dəyəri - Çinar Tikinti MMC,151.38,TEST233827
LGR-000074,2024-01-07,Mədaxil - Öznur Xidmətləri,1997.59,TEST290556
LGR-000075,2024-02-23,Xidmət  haqqı  -  Günəş  TICARƏT  MMC,1332.62,TEST888539
LGR-000076,2024-03-24,  Mədaxil - Şəms MMC ,221.06,TEST919182
LGR-000077,2024-03-01,Malların dəyəri - Günəş Ticarət MMC,3519.89,TEST232352
LGR-000078,2024-01-22,Ödəniş - Şəfəq Baytarlıq Kliniki,3193.72,TEST486814
LGR-000079,2024-01-14,Fatura ödənişi - Şəms MMC,3043.97,TEST426147
LGR-000080,2024-01-10,Ödəniş - Günəş Ticarət MMC,6308.59,TEST307963
LGR-000081,2024-03-13,Fatura ödənişi - Şəms MMC,4113.26,TEST934904
LGR-000082,2024-03-03,Fatura ödənişi - Çinar Tikinti MMC,563.32,TEST962276
LGR-000083,2024-03-07,Xidmət haqqı - Zümrüd Logistika,3239.15,TEST284692
LGR-000084,2024-02-11,Çek ödənişi - Ulduz Tekstil,-4475.42,TEST381433
LGR-000085,2024-02-27,Malların dəyəri - Bahar Qida MMC,1288.54,TEST392477
LGR-000086,2024-03-03,Fatura ödənişi - Öznur Xi...,1122.11,TEST290672
LGR-000087,2024-01-11,Xidmət haqqı - Çinar Tikinti MMC,3785.26,TEST300337
LGR-000088,2024-03-03,Ödəniş - Şəm...,4167.25,TEST777278
LGR-000089,2024-03-15,Malların dəyəri - Bahar Qida MMC,1944.72,TEST796212
LGR-000090,2024-02-15,Mədaxil - Baha...,3694.98,TEST446859
LGR-000091,2024-01-25,Malların dəyəri - Günəş Ticarət MMC,1664.38,TEST226516
LGR-000092,2024-02-05,Ödəniş - Zümrüd Logistika,3808.91,TEST607719
LGR-000093,2024-01-30,Fatura  ödənişi  -  Xəzər  KONSALTING,1902.05,TEST410636
LGR-000094,2024-03-30,Mədaxil - Xəzər Konsalting,4959.74,TEST406327
LGR-000095,2024-01-14,Ödəniş - Nərgiz Dizayn Studiyası,3019.74,TEST614723
LGR-000096,2024-02-02,Ödəniş - Bahar Qida MMC,4943.88,TEST153872
LGR-000097,2024-03-28,Mədaxil  -  XƏZƏR  Konsalting,291.06,TEST760021
LGR-000098,2024-03-12,Malların dəyəri - Çinar Tikinti MMC,4017.88,TEST224205
LGR-000099,2024-02-27,Xidmət haqqı - İpək Yolu...,1568.98,TEST498855
LGR-000100,2024-03-21,Ödəniş  -  Qızıl  Balıq  Restoranı,1397.50,TEST317881
LGR-000101,2024-02-05,Mədaxil - Nərgiz Dizayn Studiyası,31.39,TEST722656
LGR-000102,2024-02-06,Mədaxil - Günəş Ticarət MMC,161.70,TEST722656
LGR-000103,2024-02-06,Mədaxil - Qızıl Balıq Restoranı,198.81,TEST722656
LGR-000104,2024-01-15,Mədaxil - Ulduz Tekstil,2865.07,TEST545790
LGR-000105,2024-03-13,Çek ödənişi - Nərgiz Dizayn Studiyası,-4839.70,TEST885339
LGR-000106,2024-02-08,Malların dəyəri - Nərgiz Dizayn Studiyası,4952.33,TEST822131
LGR-000107,2024-02-25,Çek ödənişi - Öznur Xidmətləri,-3861.07,TEST141797
LGR-000108,2024-01-30,Malların dəyəri - İpək Yolu Ticarət,3545.26,TEST195763
LGR-000109,2024-01-23,Ödəniş - Qızıl Balıq Restoranı,2730.86,TEST893005
LGR-000110,2024-03-03,Xidmət haqqı - Öznur Xidmət...,2474.20,TEST765620
LGR-000111,2024-03-24,Mədaxil - Günəş...,272.44,TEST619536
LGR-000112,2024-03-25,Mədaxil - Çinar Tikinti MMC,370.51,TEST619536
LGR-000113,2024-03-25,Mədaxil - Qızıl Balıq Restoranı,34.04,TEST619536
LGR-000114,2024-01-07,Malların dəyəri - Öznur Xidmətləri,2728.11,TEST533321
LGR-000115,2024-01-27,Ödəniş - Xəzər Konsalting,2889.49,TEST154118
LGR-000116,2024-01-04,  Mədaxil - Şəfəq Baytarlıq Kliniki ,422.89,TEST608257
LGR-000117,2024-01-02,Mədaxil - Şəms MMC,409.03,TEST608257
LGR-000118,2024-01-15,Mədaxil - Günəş Ticarət MMC,2429.31,TEST335615
LGR-000119,2024-03-02,Xidmət haqqı - Ulduz Tekstil,2485.79,TEST535673
LGR-000120,2024-01-18,Çek ödənişi - Günəş...,-4539.98,TEST632929
LGR-000121,2024-03-05,Fatura ödənişi - Şəms MMC,1410.75,TEST925981
LGR-000122,2024-02-26,Mədaxil - Öznur Xidmətləri,362.96,TEST613425
LGR-000123,2024-02-25,Mədaxil - Çinar Tikinti MMC,327.41,TEST613425
LGR-000124,2024-03-30,  Xidmət haqqı - İpək Yolu Ticarət ,1262.02,TEST297816
LGR-000125,2024-03-25,Mədaxil - Qızıl Balıq Restoranı,4164.42,TEST504832
LGR-000126,2024-02-26,Xidmət  HAQQI  -  Zümrüd  Logistika,532.77,TEST986088
LGR-000127,2024-01-10,Mədaxil - Qızıl Balıq Restoranı,225.32,TEST516791
LGR-000128,2024-01-10,MƏDAXIL  -  Zümrüd  Logistika,451.94,TEST516791
LGR-000129,2024-01-09,Mədaxil - Nərgiz Dizayn Studiyası,359.71,TEST516791
LGR-000130,2024-01-09,Mədaxil - Günəş Ticarət MMC,259.04,TEST516791
LGR-000131,2024-03-22,  Xidmət haqqı - Günəş Ticarət MMC ,3700.41,TEST897305
LGR-000132,2024-01-08,Fatura ödənişi - Öznur Xidmətləri,1548.09,TEST440131
LGR-000133,2024-01-24,Mədaxil  -  Xəzər  konsalting,901.20,TEST814919
LGR-000134,2024-03-15,Xidmət haqqı - Ulduz Tekstil,760.34,TEST621841
LGR-000135,2024-03-27,Xidmət haqqı - Günəş Ticarət MMC,838.24,TEST401603
LGR-000136,2024-02-24,Xidmət haqqı - Nərgiz Dizayn Studiyası,3629.23,TEST769975
LGR-000137,2024-01-31,Malların dəyəri - Öznur Xidm...,3008.52,TEST211834
LGR-000138,2024-01-02,Mədaxil - İpək Yolu Ticarət,380.88,TEST515032
LGR-000139,2024-01-01,Mədaxil - Ulduz Tekstil,459.44,TEST515032
LGR-000140,2024-01-01,Mədaxil - Ulduz Tekstil,498.02,TEST515032
LGR-000141,2024-03-27,Ödəniş - Şəfəq Baytarlıq Kliniki,3971.40,TEST362801
LGR-000142,2024-03-27,ödəniş  -  Qızıl  Balıq  Restoranı,3971.40,TEST362801
LGR-000143,2024-02-16,Ödəniş - Xəzər Konsalting,3849.67,TEST707727
LGR-000144,2024-01-17,Fatura ödənişi - Zümrüd Logistika,4133.59,TEST310548
LGR-000145,2024-03-02,Fatura ödənişi - Nərgiz Dizayn Studiyası,4238.32,TEST964749
LGR-000146,2024-01-29,Xidmət haqqı - Qızıl Balıq Restoranı,4519.61,TEST890785
LGR-000147,2024-02-03,Xidmət haqqı - Günəş Ticarət MMC,2823.18,TEST114594
LGR-000148,2024-01-14,Ödəniş  -  ulduz  Tekstil,3548.08,TEST489518
LGR-000149,2024-01-14,  Ödəniş - Bahar Qida MMC ,3548.08,TEST489518
LGR-000150,2024-01-06,Fatura ödənişi - Şəms MMC,4971.13,TEST246566
LGR-000151,2024-03-30,Xidmət haqqı - Zümrüd Logistika,4969.62,TEST803055
LGR-000152,2024-03-03,Ödəniş  -  ÇINAR  Tikinti  MMC,3237.79,TEST203831
LGR-000153,2024-03-03,Ödəniş - Nərgiz Dizayn Studiyası,3237.79,TEST203831
LGR-000154,2024-03-23,Mədaxil - Günəş Ticarət MMC,245.06,TEST485178
LGR-000155,2024-03-22,Mədaxil - Günəş Ticarət MMC,49.68,TEST485178
LGR-000156,2024-03-21,Mədaxil - Qızıl Balıq Restoranı,270.92,TEST485178
LGR-000157,2024-03-23,Mədaxil - Şəms MMC,190.80,TEST485178
LGR-000158,2024-03-13,  Malların dəyəri - Günəş Ticarət MMC ,1085.86,TEST232040
LGR-000159,2024-01-19,Ödəniş - İ...,4144.76,TEST444519
LGR-000160,2024-03-25,Mədaxil  -  Şəms  MMC,4552.68,TEST215266
LGR-000161,2024-02-23,Ödəniş - Günəş Ticarət MMC,2768.20,TEST232915
LGR-000162,2024-03-05,Ödəniş - İpək Yolu Ticarət,1171.55,TEST573962
LGR-000163,2024-03-02,Xidmət haqqı - Çinar Tikinti MMC,4452.28,TEST163780
LGR-000164,2024-01-11,Ödəniş  -  XƏZƏR  Konsalting,3199.23,TEST177060
LGR-000165,2024-03-05,Ödəniş - Çinar Tikinti MMC,3184.18,TEST575755
LGR-000166,2024-03-11,Ödəniş - Ulduz Tekstil,3789.27,TEST906315
LGR-000167,2024-03-11,  Ödəniş - Çinar Tikinti MMC ,3789.27,TEST906315
LGR-000168,2024-02-10,Ödəniş - Q...,2247.47,TEST199704
LGR-000169,2024-01-12,Ödəniş - Çinar Tikinti MMC,498.79,TEST170394
LGR-000170,2024-01-08,Malların...,3084.76,TEST683397
LGR-000171,2024-01-06,Mədaxil - Günəş Ticarət MMC,198.50,TEST886730
LGR-000172,2024-01-07,Mədaxil - Xəzər Konsalting,403.48,TEST886730
LGR-000173,2024-01-07,Mədaxil - Günəş Ticarət MMC,214.76,TEST886730
LGR-000174,2024-01-15,Mədaxil - Nərgiz Dizayn Studiyası,4008.24,TEST485415
LGR-000175,2024-03-12,Malların dəyəri - İpək Yolu Ticarət,4033.55,TEST986209
LGR-000176,2024-01-24,Fatura ödənişi - Şəfəq Baytarlıq Kliniki,1442.72,TEST130359
LGR-000177,2024-01-19,Ödəniş  -  Qızıl  Balıq  RESTORANI,3894.81,TEST172965
LGR-000178,2024-02-09,Malların dəyəri - Öznur Xidmətləri,3793.24,TEST488028
LGR-000179,2024-01-07,Ödəniş - Bahar Qida MMC,1436.60,TEST747850
LGR-000180,2024-02-04,Ödəniş -...,3968.07,TEST534303
LGR-000181,2024-03-26,Xidmət haqqı - Ulduz Tekstil,248.11,TEST652530
LGR-000182,2024-01-18,Fatura...,4016.40,TEST904624
LGR-000183,2024-02-18,Mədaxil - Şəfəq Baytarlıq Kliniki,2802.26,TEST235461
LGR-000184,2024-01-10,Malların dəyəri - Öznur Xidmətləri,4529.93,TEST582087
LGR-000185,2024-01-15,  Fatura ödənişi - Şəms MMC ,2133.53,TEST403578
LGR-000186,2024-02-24,Mədaxil - İpək Yolu Ticarət,79.37,TEST479430
LGR-000187,2024-02-25,Mədaxil - Çinar Tikinti MMC,169.45,TEST479430
LGR-000188,2024-01-29,ödəniş  -  Xəzər  Konsalting,1756.23,TEST456005
LGR-000189,2024-02-14,Ödəniş  -  Günəş  Ticarət  MMC,1248.72,TEST466346
LGR-000190,2024-01-10,Ödəniş - Qızıl Balıq Restoranı,4997.51,TEST787351
LGR-000191,2024-02-27,Ödəniş - Qızıl Balıq Restoranı,3381.12,TEST707616
LGR-000192,2024-02-26,Xidmət haqqı - Bahar Qida MMC,368.01,TEST258290
LGR-000193,2024-01-10,Xidmət  haqqı  -  Bahar  Qida  MMC,1637.43,TEST631981
LGR-000194,2024-03-17,Xidmət haqqı - Çinar Tikinti MMC,2668.49,TEST744883
LGR-000195,2024-01-25,Mədaxil - İpək Yolu Ticarət,1695.72,TEST783501
LGR-000196,2024-02-27,Ödəniş - Öznur Xidmətləri,552.64,TEST164879
LGR-000197,2024-03-19,Fatura ödənişi - Öznur Xidmətləri,1917.87,TEST648141
LGR-000198,2024-03-21,Mədaxil  -  Öznur  XIDMƏTLƏRI,434.21,TEST726928
LGR-000199,2024-03-19,Mədaxil - Qızıl Balıq Restoranı,229.31,TEST726928
LGR-000200,2024-02-12,Çek ödənişi - İpək Yolu Ticarət,-437.30,TEST257677
LGR-000201,2024-03-24,Xidmət  haqqı  -  Qızıl  Balıq  restoranı,3672.04,TEST425301
LGR-000202,2024-02-12,Ödəniş - Xəzər Konsalting,4273.43,TEST930117
LGR-000203,2024-02-12,Ödəniş - Qızıl Balıq Restoranı,4273.43,TEST930117
LGR-000204,2024-03-26,Fatura  ödənişi  -  Zümrüd  Logistika,2229.86,TEST777406
LGR-000205,2024-01-18,Fatura ödənişi - Günəş Ticarət MMC,822.35,TEST337547
LGR-000206,2024-03-08,Malların  dəyəri  -  ÖZNUR  Xidmətləri,3480.41,TEST975686
LGR-000207,2024-01-21,Mədaxil - Qızıl Balıq Restoranı,482.63,TEST908554
LGR-000208,2024-01-21,Mədaxil - İpək Yolu...,296.83,TEST908554
LGR-000209,2024-01-22,  Mədaxil - Zümrüd Logistika ,38.63,TEST908554
LGR-000210,2024-01-21,Mədaxil - Ulduz Tekstil,279.26,TEST908554
LGR-000211,2024-02-29,Mədaxil - Nərgiz Dizayn Studiyası,4044.07,TEST561999
LGR-000212,2024-02-23,Malların  dəyəri  -  Ulduz  Tekstil,4292.86,TEST653081
LGR-000213,2024-01-14,Ödəniş - Zü...,3739.78,TEST681478
LGR-000214,2024-02-25,Xidmət haqqı - Ulduz Tekstil,4971.93,TEST254506
LGR-000215,2024-02-20,Mədaxil - Öznur Xidmətləri,2641.96,TEST155843
LGR-000216,2024-01-13,Fatura ödənişi - Şəfəq Baytarlıq Kliniki,4409.70,TEST434165
LGR-000217,2024-03-01,Ödəniş - İpək Yolu Ticarət,2361.96,TEST895702
LGR-000218,2024-03-18,Mədaxil  -  ÇINAR  Tikinti  MMC,2777.04,TEST862560
LGR-000219,2024-01-31,Malların dəyəri - Qızıl Balıq Restoranı,2211.09,TEST150068
LGR-000220,2024-03-09,  Malların dəyəri - Zümrüd Logistika ,3323.26,TEST725726
LGR-000221,2024-03-14,Ödəniş - Xəzər Konsalting,2194.01,TEST352249
LGR-000222,2024-01-03,Ödəniş - Bahar Qida MMC,4588.77,TEST681070
LGR-000223,2024-01-03,  Fatura ödənişi - Günəş Ticarət MMC ,1882.20,TEST883618
LGR-000224,2024-02-12,Ödəniş - Öznur Xidmətləri,709.45,TEST893435
LGR-000225,2024-03-28,Xidmət haqqı - Şəfəq Baytarlıq Kliniki,2445.96,TEST970720
LGR-000226,2024-01-26,Fatura ödənişi - Şəms MMC,4654.09,TEST145934
LGR-000227,2024-02-02,Mədaxil - Qızıl Balıq Restoran...,3959.41,TEST596395
LGR-000228,2024-02-21,Xidmət haqq...,3907.07,TEST558176
LGR-000229,2024-03-07,Xidmət  haqqı  -  Günəş  ticarət  MMC,1408.38,TEST936020
LGR-000230,2024-01-11,Fatura ödənişi - Qızıl Balıq Rest...,1729.24,TEST207581
LGR-000231,2024-01-06,Malların dəyəri - Öznur Xidmətləri,3820.60,TEST568849
LGR-000232,2024-03-26,Fatura ödənişi - Çinar Tikinti MMC,3352.40,TEST178686
LGR-000233,2024-03-18,Ödəniş  -  Bahar  Qida  MMC,3565.13,TEST989894
LGR-000234,2024-03-18,Mədaxil - Qızıl Balıq Restoranı,814.45,TEST133958
LGR-000235,2024-02-26,Malların  dəyəri  -  Günəş  Ticarət  MMC,4010.76,TEST490084
LGR-000236,2024-01-24,Xidmət haqqı - Zümrüd Logistika,2626.42,TEST127172
LGR-000237,2024-01-28,Ödəniş - Şəfəq Baytarlıq Kliniki,6515.99,TEST567951
LGR-000238,2024-01-10,Xidmət haqqı - Xəzər Konsalting,2380.00,TEST242321
LGR-000239,2024-03-11,Ödəniş - Nərgiz Dizayn Studiyası,5785.07,TEST168093
LGR-000240,2024-02-16,Mədaxil - Ulduz Tekstil,343.41,TEST768676
LGR-000241,2024-02-16,Mədaxil  -  Bahar  Qida  mmc,156.95,TEST768676
LGR-000242,2024-03-11,Ödəniş - Günəş Ticarə...,3218.37,TEST942700
LGR-000243,2024-03-14,Ödəniş - Öznur Xidmətləri,667.07,TEST529322
LGR-000244,2024-01-17,Mədaxil - Xəzər Konsalting,371.30,TEST642491
LGR-000245,2024-01-17,Mədaxil - Günəş Ticarət MMC,429.29,TEST642491
LGR-000246,2024-01-16,  Mədaxil - Xəzər Konsalting ,395.21,TEST642491
LGR-000247,2024-02-14,Ödəniş - Günəş Ticarət...,5541.03,TEST336422
LGR-000248,2024-01-12,Ödəniş - Qızıl Balıq Restoranı,2644.93,TEST659392
LGR-000249,2024-01-12,Ödəniş - Xəzər Konsalting,2644.93,TEST659392
LGR-000250,2024-03-13,Çek  ödənişi  -  Şəms  MMC,-225.97,TEST454019
LGR-000251,2024-03-14,Ödəniş - İpək Yolu Ticarət,2194.11,TEST904214
LGR-000252,2024-03-28,Ödəniş - Bahar Qida MMC,1569.41,TEST356773
LGR-000253,2024-02-29,Malların  dəyəri  -  Öznur  Xidmətləri,1079.66,TEST607774
LGR-000254,2024-02-17,Ödəniş - Zümrüd Logi...,2709.97,TEST897615
LGR-000255,2024-01-07,Malların dəyəri - Çinar Tikinti MMC,1531.54,TEST201514
LGR-000256,2024-02-10,Mədaxil - Xəzər Konsalting,1005.27,TEST856157
LGR-000257,2024-03-04,Ödəniş - Şəms MMC,2617.65,TEST589491
LGR-000258,2024-03-15,Ödəniş - Şəms M...,1860.18,TEST325595
LGR-000259,2024-01-18,Fatura ödənişi - Nərgiz Dizayn Studiyası,4636.60,TEST551860
LGR-000260,2024-03-11,Xidmət haqqı - Günəş Ticarət MMC,1523.10,TEST480133
LGR-000261,2024-01-16,Mədaxil - Öznur Xidmətləri,73.36,TEST740725
LGR-000262,2024-01-16,  Mədaxil - Xəzər Konsalting ,268.14,TEST740725
LGR-000263,2024-03-05,Mədaxil - Şəms MMC,247.52,TEST520884
LGR-000264,2024-01-20,Mədaxil - Zümrüd Logistik...,4692.58,TEST579187
LGR-000265,2024-02-08,Ödəniş - Öznur Xidmətləri,3122.82,TEST875232
LGR-000266,2024-02-08,Ödəniş - Zümrüd Logistika,3122.82,TEST875232
LGR-000267,2024-03-27,Malların dəyəri - Çinar Tikinti MM...,584.64,TEST447329
LGR-000268,2024-03-15,Ödəniş - Ulduz Tekstil,3038.46,TEST787436
LGR-000269,2024-02-18,Ödəniş - Şəms MMC,1649.54,TEST749840
LGR-000270,2024-02-26,Mədaxil - Çinar Tikinti MMC,1654.65,TEST119857
LGR-000271,2024-03-01,Ödəniş - Xəzər Konsalting,3710.29,TEST741181
LGR-000272,2024-02-17,Mədaxil - Zümrüd Logistika,215.62,TEST601608
LGR-000273,2024-02-16,Mədaxil - Qızıl Balıq Restoranı,123.49,TEST601608
LGR-000274,2024-02-16,Mədaxil - Nərgiz Dizayn Studiyası,311.24,TEST601608
LGR-000275,2024-02-18,Mədaxil - Ulduz...,359.39,TEST601608
LGR-000276,2024-02-06,Xidmət haqqı - Ul...,3705.71,TEST412071
LGR-000277,2024-02-06,Ödəniş - Qızıl Balıq Restoranı,1377.94,TEST386741
LGR-000278,2024-02-14,FATURA  ödənişi  -  Xəzər  Konsalting,4063.08,TEST958130
LGR-000279,2024-01-28,Ödəniş - Zümrüd Logisti...,1069.41,TEST602351
LGR-000280,2024-03-19,  Mədaxil - İpək Yolu Ticarət ,3894.40,TEST214532
LGR-000281,2024-01-13,Xidmət  HAQQI  -  Öznur  Xidmətləri,2176.88,TEST155040
LGR-000282,2024-03-24,Xidmət haqqı - Bahar Qida MMC,4912.26,TEST526673
LGR-000283,2024-01-12,Mədaxil - İpək Yolu Ticarət,3429.92,TEST906066
LGR-000284,2024-01-23,Xidmət haqqı - Şəms MMC,4906.44,TEST538184
LGR-000285,2024-01-02,Malların  dəyəri  -  İpək  Yolu  Ticarət,1574.43,TEST139286
LGR-000286,2024-03-05,Mədaxil - Nərgiz Dizayn Studiyası,2463.77,TEST992400
LGR-000287,2024-02-02,Fatura ödənişi - Şəfəq Baytarlıq Kliniki,83.84,TEST779776
LGR-000288,2024-01-23,Ödəniş - Qızıl Balıq Restoranı,4498.67,TEST302544
LGR-000289,2024-01-12,Mədaxil - Günəş Ticarət MMC,3518.82,TEST443856
LGR-000290,2024-02-03,Xidmət haqqı - Ulduz Tekstil,2021.03,TEST107161
LGR-000291,2024-02-03,Mədaxil - Öznur Xidmətləri,3437.18,TEST111991
LGR-000292,2024-01-16,Mədaxil - Nərgiz Dizayn Studiyası,2450.01,TEST800224
LGR-000293,2024-02-09,Ödəniş - Qızıl Balıq Restoranı,7338.21,TEST907236
LGR-000294,2024-01-18,Xidmət haqqı - Xəzər Konsalting,2517.05,TEST329772
LGR-000295,2024-03-07,Mədaxil - İpək Yolu Ticarət,445.22,TEST675914
LGR-000296,2024-03-09,Mədaxil - Zümrüd Logistika,153.13,TEST675914
LGR-000297,2024-03-07,MƏDAXIL  -  Öznur  Xidmətləri,172.17,TEST675914
LGR-000298,2024-01-26,Mədaxil  -  zümrüd  Logistika,3012.60,TEST630041
LGR-000299,2024-03-28,Xidmət  haqqı  -  İpək  YOLU  Ticarət,3768.71,TEST221886
LGR-000300,2024-01-08,Fatura ödənişi - Qızıl Balıq Restoranı,2434.19,TEST691303
LGR-000301,2024-01-28,Ödəniş - Günəş Ticarət MMC,3042.01,TEST882032
LGR-000302,2024-03-01,  Xidmət haqqı - Nərgiz Dizayn Studiyası ,176.38,TEST172371
LGR-000303,2024-02-23,Ödəniş - Çinar Tikinti MMC,1973.25,TEST777255
LGR-000304,2024-01-11,Malların  dəyəri  -  Qızıl  Balıq  Restoranı,3589.47,TEST493892
LGR-000305,2024-01-29,Ödəniş - Şəms MMC,4386.86,TEST863214
LGR-000306,2024-03-09,Mədaxil - Ulduz Tekstil,4326.77,TEST544730
LGR-000307,2024-01-15,Xidmət haqqı - Qızıl Balıq Restoranı,178.91,TEST860242
LGR-000308,2024-03-17,Malların dəyəri - Bahar Qida MMC,186.03,TEST205797
LGR-000309,2024-02-26,Mədaxil - Zümrüd Logistika,1238.61,TEST521805
LGR-000310,2024-02-10,Ödəniş - Qızıl Balıq Restoranı,3037.63,TEST704095
LGR-000311,2024-03-07,Fatura ödənişi - Çinar...,1168.90,TEST792282
LGR-000312,2024-03-27,Xidmət  haqqı  -  Zümrüd  Logistika,2249.76,TEST756401
LGR-000313,2024-02-23,Fatura ödənişi - Xəzər Konsalting,2150.45,TEST830132
LGR-000314,2024-01-19,Ödəniş - Bahar Qida MMC,4234.58,TEST415344
LGR-000315,2024-02-01,Fatura ödənişi - Ulduz Tekstil,1346.91,TEST507286
LGR-000316,2024-01-25,Xidmət haqqı - Nərgiz Dizayn Studiyası,280.20,TEST661654
LGR-000317,2024-03-26,  Ödəniş - Bahar Qida MMC ,1147.79,TEST716126
LGR-000318,2024-01-28,Ödəniş - Ulduz Tekstil,4923.41,TEST116078
LGR-000319,2024-01-26,Mədaxil - Çinar Tikinti MMC,269.93,TEST733760
LGR-000320,2024-01-25,Mədaxil - Öznur X...,166.84,TEST733760
LGR-000321,2024-01-25,Mədaxil - Bahar Qida MMC,371.81,TEST733760
LGR-000322,2024-01-25,Mədaxil - Bahar Qida MMC,220.77,TEST733760
LGR-000323,2024-02-17,Ödəniş - Çinar Tikinti MMC,1650.61,TEST312994
LGR-000324,2024-03-11,Malların dəyəri - İpək Yolu Ticarət,4910.82,TEST373441
LGR-000325,2024-02-18,Xidmət haqqı - Ulduz Tekstil,2997.33,TEST341192
LGR-000326,2024-03-03,Ödəniş - Şəfəq Baytarlıq Kliniki,4932.14,TEST772865
LGR-000327,2024-03-03,Ödəniş - Qızıl Balıq Restoranı,2029.88,TEST673095
LGR-000328,2024-03-26,Xidmət  HAQQI  -  Şəms  MMC,264.35,TEST957730
LGR-000329,2024-03-26,Ödəniş - İpək Yolu Ticarət,4906.34,TEST768706
LGR-000330,2024-03-26,Ödəniş  -  Bahar  Qida  mmc,4906.34,TEST768706
LGR-000331,2024-03-05,Xidmət haqqı - Şəfəq Baytarlıq Kliniki,4273.28,TEST117975
LGR-000332,2024-03-20,Fatura ödənişi - Nərgiz Dizayn...,2770.14,TEST301255
LGR-000333,2024-03-13,Mədaxil - Şəfəq Baytarlıq Klinik...,1285.10,TEST581294
LGR-000334,2024-01-05,Ödəniş - Çinar Tikinti MMC,500.21,TEST896483
LGR-000335,2024-01-05,Ödəniş - Çinar Tikinti MMC,500.21,TEST896483
LGR-000336,2024-02-25,Malların dəyəri - Öznur Xidmətləri,3391.17,TEST624139
LGR-000337,2024-01-28,Malların dəyəri - Şəfəq Baytarlıq Kliniki,4735.26,TEST340927
LGR-000338,2024-03-13,Mədaxil - Ulduz Tekstil,441.29,TEST393992
LGR-000339,2024-03-11,Mədaxil - Çinar Tikinti MMC,31.56,TEST393992
LGR-000340,2024-03-12,Mədaxil - Xəzər Konsalting,127.54,TEST393992
LGR-000341,2024-03-11,Mədaxil - Çinar Tikinti MMC,216.10,TEST393992
LGR-000342,2024-02-19,Ödəniş - Şəfəq Baytarlıq Kliniki,4154.48,TEST447843
LGR-000343,2024-02-25,Fatura ödənişi - Günəş Ticarət MMC,1227.10,TEST202430
LGR-000344,2024-02-11,Fatura ödənişi - Qızıl Balıq Restoranı,165.32,TEST911131
LGR-000345,2024-02-18,Malların dəyəri - Xəzər Konsalting,2274.12,TEST679902
LGR-000346,2024-02-01,Ödəniş - Günəş Tic...,3748.74,TEST936821
LGR-000347,2024-01-14,Fatura ödənişi - Şəms MMC,489.83,TEST478221
LGR-000348,2024-03-12,Ödəniş  -  Günəş  Ticarət  MMC,2149.32,TEST684041
LGR-000349,2024-01-02,Xidmət haqqı - Çinar Tikinti MMC,1540.12,TEST503951
LGR-000350,2024-03-07,  Xidmət haqqı - Qızıl Balıq Restoranı ,899.10,TEST699743
LGR-000351,2024-01-22,Xidmət haq...,2288.95,TEST166340
LGR-000352,2024-03-04,Ödəniş  -  BAHAR  Qida  MMC,6326.51,TEST755395
LGR-000353,2024-02-12,Ödəniş - Öznur Xidmətləri,2318.03,TEST498343
LGR-000354,2024-02-12,Ödəniş - Çinar Tikinti MMC,2318.03,TEST498343
LGR-000355,2024-02-09,Mədaxil - Şəfəq Baytarlıq Kliniki,126.41,TEST310608
LGR-000356,2024-02-09,Mədaxil - İpək Yolu Ticarət,270.99,TEST310608
LGR-000357,2024-02-09,Mədaxil - Çinar Ti...,219.15,TEST310608
LGR-000358,2024-03-13,  Malların dəyəri - İpək Yolu Ticarət ,1057.52,TEST219420
LGR-000359,2024-02-26,Ödəniş  -  Şəfəq  baytarlıq  Kliniki,8464.33,TEST319832
LGR-000360,2024-02-23,Mədaxil - İpək Yolu Ticarət,257.06,TEST261630
LGR-000361,2024-02-22,Mədaxil - Şəfəq Baytarlıq Kliniki,58.47,TEST261630
LGR-000362,2024-02-24,Mədaxil - Öznur Xidmətləri,304.30,TEST261630
LGR-000363,2024-02-22,Mədaxil - İpək Yolu Ticarət,401.86,TEST261630
LGR-000364,2024-02-01,  Fatura ödənişi - Qızıl Balıq Restoranı ,3457.72,TEST214682
LGR-000365,2024-02-12,Ödəniş  -  ÇINAR  Tikinti  MMC,4184.54,TEST889245
LGR-000366,2024-02-26,Mədaxil - Qızıl Balıq Restoranı,255.18,TEST703178
LGR-000367,2024-02-25,Mədaxi...,266.33,TEST703178
LGR-000368,2024-02-07,Ödəniş - Günəş Ticarət MMC,4836.32,TEST209627
LGR-000369,2024-02-13,Malların dəyəri - Ulduz Tekstil,2397.25,TEST427040
LGR-000370,2024-01-15,Ödəniş - Öznur Xidmətləri,128.41,TEST146853
LGR-000371,2024-03-07,Ödəniş - Xəzər Kons...,924.63,TEST355761
LGR-000372,2024-02-21,Mədaxil - Xəzər Konsalting,3311.75,TEST936507
LGR-000373,2024-01-26,Ödəniş - Çinar Tikinti MMC,2367.06,TEST743937
LGR-000374,2024-01-09,  Malların dəyəri - Günəş Ticarət MMC ,3036.96,TEST391865
LGR-000375,2024-03-26,Malların dəyəri - Bahar Qida MMC,4532.69,TEST375097
LGR-000376,2024-03-16,Ödəniş - Öznur Xidmətləri,608.90,TEST511612
LGR-000377,2024-03-16,Ödəniş - Öznur Xidmətləri,608.90,TEST511612
LGR-000378,2024-03-16,Mədaxil - Qız...,454.34,TEST744333
LGR-000379,2024-02-23,Xidmət haqqı - İpək Yolu Ticarət,732.82,TEST507333
LGR-000380,2024-03-23,Xidmət haqq...,2919.34,TEST827117
LGR-000381,2024-02-15,  Ödəniş - Bahar Qida MMC ,60.24,TEST156215
LGR-000382,2024-02-15,Ödəniş - Xəzər Konsalting,60.24,TEST156215
LGR-000383,2024-03-03,Xidmət haqqı - Şəfəq Baytarlıq Kliniki,2189.10,TEST817956
LGR-000384,2024-02-07,Ödəniş - Ulduz Tekstil,1451.02,TEST331241
LGR-000385,2024-03-04,Malların  dəyəri  -  Günəş  ticarət  MMC,2688.09,TEST693127
LGR-000386,2024-02-26,Ödəniş  -  Çinar  Tikinti  MMC,1155.78,TEST143631
LGR-000387,2024-02-14,  Mədaxil - Günəş Ticarət MMC ,2311.99,TEST375581
LGR-000388,2024-03-19,Mədaxil - Ulduz Tekstil,424.69,TEST467663
LGR-000389,2024-03-19,Mədaxil - İpək Yolu Ticarət,290.60,TEST467663
LGR-000390,2024-03-18,Mədaxil - İpək Yolu Ticarət,118.77,TEST467663
LGR-000391,2024-03-18,Mədaxil - Şəfəq Baytarlı...,413.80,TEST467663
LGR-000392,2024-03-06,Ödəniş  -  Qızıl  balıq  Restoranı,4729.40,TEST999695
LGR-000393,2024-01-17,Fatura ödənişi - Xəzər Konsalting,1319.02,TEST835499
LGR-000394,2024-02-04,Mədaxil - Çinar Tikinti MMC,3301.54,TEST763121
LGR-000395,2024-01-12,Fatura ödənişi - Zümrüd Logistika,2122.09,TEST764406
LGR-000396,2024-03-15,Ödəniş - Şəfəq Baytarlıq Kliniki,4565.57,TEST443187
LGR-000397,2024-01-08,Mədaxil - Ulduz Tekstil,360.24,TEST831160
LGR-000398,2024-01-08,Mədaxil - Nərgiz Dizayn...,270.64,TEST831160
LGR-000399,2024-01-09,Mədaxil - İpək Yolu Ticarət,152.75,TEST831160
LGR-000400,2024-01-07,Xidmət  HAQQI  -  Günəş  Ticarət  MMC,250.87,TEST815707
LGR-000401,2024-03-29,  Fatura ödənişi - Xəzər Konsalting ,4777.91,TEST312146
LGR-000402,2024-03-24,Xidmət haqqı - Şəms MMC,877.82,TEST796787
LGR-000403,2024-01-13,Xidmət  haqqı  -  Ulduz  TEKSTIL,15.69,TEST837880
LGR-000404,2024-01-17,Mədaxil - Günəş Ticarət MMC,2514.52,TEST827744
LGR-000405,2024-01-18,Mədaxil  -  Qızıl  Balıq  RESTORANI,3373.70,TEST501312
LGR-000406,2024-03-21,Ödəniş - Çinar Tikinti MMC,7946.16,TEST323404
LGR-000407,2024-01-13,Malların dəyəri - Günəş Ticarət MMC,744.07,TEST190898
LGR-000408,2024-01-18,  Ödəniş - Nərgiz Dizayn Studiyası ,1309.11,TEST929504
LGR-000409,2024-03-29,Çek ödənişi - Qızıl Balıq Restoranı,-150.63,TEST398761
LGR-000410,2024-03-18,Xidmət...,2681.36,TEST642899
LGR-000411,2024-03-04,Ödəniş - İpək Yolu Ticarət,3355.38,TEST352792
LGR-000412,2024-02-19,Xidmət haqqı - İpək Yolu Ticarət,4523.14,TEST238394
LGR-000413,2024-01-03,Ödəniş...,364.06,TEST176537
LGR-000414,2024-02-06,Malların dəyəri - Şəfəq Baytarlıq Kliniki,3305.52,TEST631219
LGR-000415,2024-03-09,Mədaxil - İpək...,2828.86,TEST771652
LGR-000416,2024-01-20,Xidmət haqqı - Öznur Xidmətləri,2822.22,TEST947312
LGR-000417,2024-01-31,Ödəniş - Günəş Ticarət MMC,313.59,TEST987586
LGR-000418,2024-03-25,Ödəniş  -  Xəzər  Konsalting,3893.18,TEST798435
LGR-000419,2024-03-07,  Fatura ödənişi - Şəfəq Baytarlıq Kliniki ,4115.10,TEST648410
LGR-000420,2024-01-16,Fatura ödənişi - Şəms MMC,4054.51,TEST868538
LGR-000421,2024-03-14,Xidmət haqqı - Günəş Ticarət MMC,3300.07,TEST846925
LGR-000422,2024-01-14,  Ödəniş - İpək Yolu Ticarət ,4698.54,TEST367508
LGR-000423,2024-02-19,Malların dəyəri - Şəms MMC,948.27,TEST481657
LGR-000424,2024-01-29,Ödəniş - Ulduz Tekstil,1697.16,TEST539740
LGR-000425,2024-01-29,Ödəniş -...,1697.16,TEST539740
LGR-000426,2024-02-21,Fatura ödənişi - Bahar Qida MMC,4607.95,TEST148159
LGR-000427,2024-01-02,Mədaxil - Ulduz...,1944.19,TEST578933
LGR-000428,2024-02-01,Ödəniş - İpək Yolu Ticarət,2442.31,TEST752966
LGR-000429,2024-03-10,Ödəniş - Şəms MMC,799.40,TEST304915
LGR-000430,2023-12-30,Mədaxil  -  Nərgiz  Dizayn  studiyası,440.77,TEST110060
LGR-000431,2023-12-31,Mədaxil - Bahar Qida MMC,256.59,TEST110060
LGR-000432,2024-01-01,Mədaxil...,493.70,TEST110060
LGR-000433,2024-03-07,Fatura ödənişi - Şəfəq Baytarlıq Kliniki,2175.60,TEST986575
LGR-000434,2024-03-22,Malların  dəyəri  -  İpək  Yolu  ticarət,402.32,TEST239999
LGR-000435,2024-02-10,Fatura ödənişi...,4865.12,TEST992247
LGR-000436,2024-01-14,Ödəniş - Xəzər Konsalting,563.95,TEST713110
LGR-000437,2024-01-27,Fatura ödənişi - Bahar Qida MMC,1626.42,TEST475691
LGR-000438,2024-03-18,Ödəniş  -  Öznur  Xidmətləri,522.88,TEST830729
LGR-000439,2024-02-08,Ödəniş - Xəzər Konsalting,1374.02,TEST810078
LGR-000440,2024-01-13,Mədaxil - Günəş Ticarət MMC,2432.43,TEST361989
LGR-000441,2024-01-02,  Mədaxil - Ulduz Tekstil ,333.32,TEST227352
LGR-000442,2024-01-11,Ödəniş - İpək Yolu Ticarət,3063.05,TEST776001
LGR-000443,2024-01-11,ÖDƏNIŞ  -  Nərgiz  Dizayn  Studiyası,3063.05,TEST776001
LGR-000444,2024-02-12,Xidmət  haqqı  -  Şəms  MMC,652.39,TEST988432
LGR-000445,2024-02-24,Mədaxil - Öznur Xidmətləri,916.00,TEST816400
LGR-000446,2024-03-20,Fatura ödənişi - Ulduz Tekstil,3244.73,TEST743937
LGR-000447,2024-02-19,Mədaxil - Çinar Tikinti MMC,729.51,TEST393366
LGR-000448,2024-01-03,Fatura ödənişi - Şəfəq Baytarlıq Kliniki,4109.49,TEST933456
LGR-000449,2024-03-05,  Fatura ödənişi - Çinar Tikinti MMC ,1696.13,TEST693128
LGR-000450,2024-02-05,Malların dəyəri - Bahar Qida MMC,317.18,TEST950069
LGR-000451,2024-02-01,Fatura ödənişi - Ulduz Tekstil,3453.86,TEST204998
LGR-000452,2024-02-19,  Mədaxil - Xəzər Konsalting ,1870.19,TEST703656
LGR-000453,2024-01-02,Mədaxil - Xəzər Konsalting,471.01,TEST476211
LGR-000454,2024-01-04,Mədaxil - Bahar Qida MMC,469.11,TEST476211
LGR-000455,2024-01-04,MƏDAXIL  -  Bahar  Qida  MMC,240.47,TEST476211
LGR-000456,2024-01-04,Mədaxil - Şəms MMC,382.01,TEST476211
LGR-000457,2024-03-19,Fatura ödənişi - Xəzər Konsalting,1066.25,TEST447848
LGR-000458,2024-01-15,Fatura ödənişi - Zümrüd Logistika,4447.99,TEST911982
LGR-000459,2024-01-13,Mədaxil - Şəfəq Baytarlıq Kliniki,230.56,TEST514812
LGR-000460,2024-01-11,Mədaxil - Bahar Qida MMC,207.76,TEST514812
LGR-000461,2024-01-13,Mədaxil - Şəfəq Baytarlıq Kliniki,221.42,TEST514812
LGR-000462,2024-01-11,Mədaxil - İpək Yolu Ticarət,99.42,TEST514812
LGR-000463,2024-03-16,Xidmət haqqı - Xəzər Konsalt...,4280.08,TEST797860
LGR-000464,2024-03-13,Mədaxil - Xəzər Konsalting,179.77,TEST510623
LGR-000465,2024-03-22,ÖDƏNIŞ  -  Günəş  Ticarət  MMC,2975.11,TEST331625
LGR-000466,2024-03-22,Ödəniş - Bahar Qida MMC,2975.11,TEST331625
LGR-000467,2024-03-26,Fatura ödənişi - Şəfəq Baytarlıq Kliniki,3360.73,TEST961574
LGR-000468,2024-02-02,Mədaxil - Çinar Tikinti MMC,80.80,TEST171087
LGR-000469,2024-02-01,Mədaxil - Xəzər Konsalting,482.13,TEST171087
LGR-000470,2024-02-01,Mədaxil - Çinar Tikinti MMC,10.83,TEST171087
LGR-000471,2024-03-02,  Mədaxil - İpək Yolu Ticarət ,4145.21,TEST206355
LGR-000472,2024-01-03,Ödəniş  -  Nərgiz  Dizayn  Studiyası,1680.99,TEST409234
LGR-000473,2024-02-13,Mədaxil - İpək Yolu Ticarət,3124.43,TEST197627
LGR-000474,2024-02-25,Ödəniş - İpək Yolu Ticarət,6953.86,TEST132498
LGR-000475,2024-01-27,Malların dəyəri - Çinar Tikinti MMC,1006.06,TEST447177
LGR-000476,2024-01-13,Malların dəyəri - Çinar Tikinti MMC,270.23,TEST349087
LGR-000477,2024-02-24,Malların dəyəri - Nərgiz Dizayn Studiyası,469.42,TEST104000
LGR-000478,2024-01-15,Xidmət haqqı - Çinar Tikinti MMC,1626.65,TEST596574
LGR-000479,2024-02-17,Ödəniş - Bahar Qida...,988.23,TEST499974
LGR-000480,2024-01-08,Ödəniş  -  şəfəq  Baytarlıq  Kliniki,802.35,TEST691655
LGR-000481,2024-03-11,Çek ödənişi - Çinar Tikinti MMC,-329.73,TEST338564
LGR-000482,2024-03-28,Malların dəyəri - Bahar Qida MMC,4555.02,TEST661527
LGR-000483,2024-03-05,Ödəniş - Günəş Ticarət MMC,6089.67,TEST136415
LGR-000484,2024-01-25,Xidmət  haqqı  -  ŞƏMS  MMC,671.57,TEST322182
LGR-000485,2024-01-09,Malların dəyəri - Çinar Tikinti MMC,466.27,TEST435281
LGR-000486,2024-01-02,Xidmət  HAQQI  -  Zümrüd  Logistika,3090.59,TEST580412
LGR-000487,2024-01-14,Ödəniş - Günəş Ticarət MMC,4097.05,TEST205071
LGR-000488,2024-02-03,Xidmət haqqı - Qızıl Balıq Restoranı,2018.25,TEST530849
LGR-000489,2024-03-28,Ödəniş - Çinar Tikinti MMC,3646.78,TEST738221
LGR-000490,2024-03-28,Ödəniş - Şəms MMC,3646.78,TEST738221
LGR-000491,2024-02-13,Fatura ödənişi - Nərgiz Dizayn Studiy...,4295.45,TEST121215
LGR-000492,2024-02-08,Fatura ödənişi - Ba...,3909.25,TEST240913
LGR-000493,2024-01-28,Xidmət haqqı - Çinar Tikinti MMC,4799.01,TEST563173
LGR-000494,2024-01-21,Malların dəyəri - Şəfəq Baytarlıq Kliniki,1641.18,TEST929937
LGR-000495,2024-01-04,  Ödəniş - Ulduz Tekstil ,1020.63,TEST696296
LGR-000496,2024-01-26,Xidmət haqqı - Öznur Xidmətləri,1446.43,TEST838862
LGR-000497,2024-03-03,Mədaxil - Bahar Qida MMC,3124.49,TEST490559
LGR-000498,2024-01-21,Ödəniş - Nərgiz Di...,4401.71,TEST460971
LGR-000499,2024-01-28,Mədaxil - Ulduz Tekstil,4503.73,TEST917711
LGR-000500,2024-03-22,Mədaxil - Şəms MMC,278.37,TEST316773
LGR-000501,2024-03-24,  Mədaxil - Qızıl Balıq Restoranı ,346.38,TEST316773
LGR-000502,2024-03-24,Mədaxil - Ulduz...,23.14,TEST316773
LGR-000503,2024-03-23,Ödəniş - Çinar Tikinti MMC,2987.55,TEST843826
LGR-000504,2024-02-08,Malların dəyəri - Zümrüd Logistika,3560.45,TEST589368
LGR-000505,2024-02-06,ÇEK  ödənişi  -  Qızıl  Balıq  Restoranı,-1574.87,TEST738635
LGR-000506,2024-02-11,Fatura ödənişi - Nərgiz Dizayn Studiyası,4526.69,TEST771712
LGR-000507,2024-01-31,Xidmət haqqı - İpək Yolu Ticarət,4232.77,TEST902658
LGR-000508,2024-03-24,Ödəniş - Nərgiz Dizayn Studiyası,5315.33,TEST126691
LGR-000509,2024-03-15,Ödəniş - Uldu...,3722.32,TEST137034
LGR-000510,2024-03-01,Ödəniş - Qızıl Balıq Restoranı,4762.80,TEST923024
LGR-000511,2024-03-01,Ödəniş - Öznur Xidmətləri,4762.80,TEST923024
LGR-000512,2024-01-13,Fatura ödənişi - Xəzər Konsalting,2478.24,TEST408054
LGR-000513,2024-02-12,Mədaxil - Günəş Ticarət MMC,3441.12,TEST812730
LGR-000514,2024-02-03,Xidmət haqqı - Nərgiz Dizayn Studiyası,3080.07,TEST489737
LGR-000515,2024-03-01,Ödəniş  -  Ulduz  tekstil,4673.15,TEST174675
LGR-000516,2024-03-01,Ödəniş - Zümrüd Logistika,4673.15,TEST174675
LGR-000517,2024-02-22,Mədaxil - B...,2995.31,TEST459315
LGR-000518,2024-02-10,Ödəniş - Şəms MMC,3336.60,TEST285413
LGR-000519,2024-02-10,  Ödəniş - Şəms MMC ,3336.60,TEST285413
LGR-000520,2024-01-12,Xidmət haqqı - İpək Yolu Ticarət,688.45,TEST613358
LGR-000521,2024-01-01,Fatura ödənişi - Ulduz Tekstil,2808.55,TEST501936
LGR-000522,2024-03-08,Ödəniş  -  Qızıl  Balıq  Restoranı,103.93,TEST973703
LGR-000523,2024-01-14,Malların...,2020.90,TEST235193
LGR-000524,2024-03-07,Xidmət haqqı - Öznur Xidmətləri,2757.88,TEST863187
LGR-000525,2024-02-15,Mədaxil - Ulduz Tekstil,3942.76,TEST613989
LGR-000526,2024-01-03,MƏDAXIL  -  Zümrüd  Logistika,3101.68,TEST321449
LGR-000527,2024-03-17,Ödəniş - Qızıl Balıq Restoranı,261.45,TEST150947
LGR-000528,2024-03-17,ÖDƏNIŞ  -  Günəş  Ticarət  MMC,261.45,TEST150947
LGR-000529,2024-01-20,Ödəniş - Qızıl Balıq Restor...,3654.80,TEST835962
LGR-000530,2024-01-18,Çek ödənişi - Günəş Ticarət MMC,-2205.85,TEST834764
LGR-000531,2024-02-06,  Ödəniş - Günəş Ticarət MMC ,607.75,TEST223453
LGR-000532,2024-02-06,  Ödəniş - Bahar Qida MMC ,607.75,TEST223453
LGR-000533,2024-02-22,Ödəniş - Xəzər Konsalting,1558.49,TEST837606
LGR-000534,2024-01-31,Ödəniş - Qızıl Balıq Restoranı,76.84,TEST446663
LGR-000535,2024-01-10,Mədaxil  -  şəfəq  Baytarlıq  Kliniki,345.35,TEST618105
LGR-000536,2024-01-11,Mədaxil...,59.18,TEST618105
LGR-000537,2024-01-23,Fatura ödənişi - Şəms MMC,4593.01,TEST952679
LGR-000538,2024-01-06,Mədaxil - Xəzər Kons...,60.71,TEST199613
LGR-000539,2024-02-13,Xidmət haqqı - Günəş Ticarət MMC,968.76,TEST490722
LGR-000540,2024-02-23,Mədaxil - Şəfəq Baytarlıq Kliniki,435.22,TEST991993
LGR-000541,2024-02-23,Mədaxil - Günəş Ticarət MMC,119.30,TEST991993
LGR-000542,2024-02-21,Mədaxil - Bahar Qida MMC,84.09,TEST991993
LGR-000543,2024-03-17,Mədaxil - Şəms MMC,258.87,TEST559447
LGR-000544,2024-03-17,Mədaxil - Xəzər Konsalting,245.01,TEST559447
LGR-000545,2024-02-22,Fatura ödənişi - Günəş Ticarət MMC,251.02,TEST218423
LGR-000546,2024-03-13,Ödəniş - Öznur Xidmətləri,1184.32,TEST704660
LGR-000547,2024-02-25,Ödəniş - Şəfəq Baytarlıq Kliniki,3479.28,TEST199868
LGR-000548,2024-02-25,Ödəniş - Ulduz Tekstil,3479.28,TEST199868
LGR-000549,2024-03-01,Mədaxil  -  Bahar  QIDA  MMC,4476.25,TEST630126
LGR-000550,2024-01-29,Xidmət haqqı - Qızıl Balıq Restoranı,2896.18,TEST631553
LGR-000551,2024-03-04,Xidmət haqqı - Günəş Ticarət MMC,1667.07,TEST192295
LGR-000552,2024-01-01,Mədaxil - Günəş Ticarət MMC,4340.14,TEST675771
LGR-000553,2024-02-08,  Ödəniş - Zümrüd Logistika ,4676.74,TEST768507
LGR-000554,2024-02-08,Ödəniş - Zümrüd Logistika,4676.74,TEST768507
LGR-000555,2024-01-29,Fatura ödənişi - Bahar Qida MMC,4436.65,TEST956255
LGR-000556,2024-02-16,Ödəniş  -  Günəş  Ticarət  MMC,7606.89,TEST789089
LGR-000557,2024-02-07,Ödəniş - Zümrüd Logistika,2881.47,TEST938769
LGR-000558,2024-02-07,Ödəniş  -  Öznur  Xidmətləri,2881.47,TEST938769
LGR-000559,2024-02-02,Mədaxil  -  Ulduz  TEKSTIL,3212.62,TEST212157
LGR-000560,2024-02-23,Malların  dəyəri  -  QIZIL  Balıq  Restoranı,253.79,TEST893928
LGR-000561,2024-01-01,Ödəniş - Şəfəq Baytarlıq Kliniki,2790.63,TEST623059
LGR-000562,2024-01-23,Mədaxil  -  Şəfəq  Baytarlıq  kliniki,920.42,TEST633025
LGR-000563,2024-03-29,Fatura ödənişi - Ulduz Tekstil,4007.03,TEST738576
LGR-000564,2024-01-18,Malların dəyəri - İpək Yolu...,2173.97,TEST943890
LGR-000565,2024-03-11,  Mədaxil - Ulduz Tekstil ,3326.55,TEST846454
LGR-000566,2024-03-22,Mədaxil - Öznur Xidmətləri,126.53,TEST239116
LGR-000567,2024-03-23,Mədaxil - Zümrüd Logistika,340.23,TEST239116
LGR-000568,2024-03-22,Mədaxil - Qızıl Balıq Restoranı,365.52,TEST239116
LGR-000569,2024-03-22,Mədaxil - Şəfəq Baytarlıq Kliniki,465.02,TEST239116
LGR-000570,2024-02-24,Ödəniş - Günəş Ticarət MMC,2750.61,TEST399817
LGR-000571,2024-01-21,ödəniş  -  Nərgiz  Dizayn  Studiyası,3592.93,TEST923690
LGR-000572,2024-02-15,Malların dəyəri - İpək Yolu Ticarət,547.29,TEST133875
LGR-000573,2024-01-31,Mədaxil - Şəfəq Baytarlıq K...,2688.70,TEST507777
LGR-000574,2024-02-19,Fatura ödənişi - Qızıl Balıq Restoranı,2194.00,TEST500118
LGR-000575,2024-01-29,Ödəniş - İpək Yolu Ticarət,3968.93,TEST564586
LGR-000576,2024-01-25,Ödəniş - Xəzər Konsalting,2363.08,TEST860127
LGR-000577,2024-01-06,Malların dəyəri...,2256.61,TEST495521
LGR-000578,2024-02-29,  Ödəniş - Xəzər Konsalting ,3730.81,TEST446620
LGR-000579,2024-03-19,Ödəniş - İpək Yolu Ticarət,2581.89,TEST755744
LGR-000580,2024-01-09,Mədaxil - Zümrüd Logistika,4132.25,TEST645895
LGR-000581,2024-01-28,Fatura ödənişi - Öznur Xidmətləri,3487.78,TEST331942
LGR-000582,2024-03-01,Ödəniş  -  QIZIL  Balıq  Restoranı,2953.01,TEST656268
LGR-000583,2024-03-01,Ödəniş - Şəms MMC,2953.01,TEST656268
LGR-000584,2024-02-11,Xidmət haqqı - Günəş Ticarət...,2009.49,TEST815706
LGR-000585,2024-03-06,Ödəniş - Bah...,2346.00,TEST639292
LGR-000586,2024-03-09,  Ödəniş - Şəms MMC ,2805.53,TEST275526
LGR-000587,2024-01-14,Xidmət haqqı - Zümrüd Logistika,1087.82,TEST976258
LGR-000588,2024-02-28,ÖDƏNIŞ  -  Öznur  Xidmətləri,3768.45,TEST124906
LGR-000589,2024-01-30,Mədaxil - Nərgiz Dizayn Studiyası,4786.19,TEST961530
LGR-000590,2024-02-21,Xidmət haqqı - Şəms MMC,1668.86,TEST760830
LGR-000591,2024-03-20,ÖDƏNIŞ  -  Şəfəq  Baytarlıq  Kliniki,341.54,TEST855274
LGR-000592,2024-03-20,Ödəniş - İpək Yolu Ticarət,341.54,TEST855274
LGR-000593,2024-02-26,Ödəniş - Çinar Tikinti MMC,2009.70,TEST902448
LGR-000594,2024-03-10,Ödəniş - Xəzər Ko...,1556.53,TEST509985
LGR-000595,2024-03-12,Ödəniş  -  Günəş  Ticarət  MMC,751.20,TEST680412
LGR-000596,2024-02-14,Malların  DƏYƏRI  -  Çinar  Tikinti  MMC,1120.11,TEST320256
LGR-000597,2024-03-13,Malların dəyəri - Şəms MMC,4478.25,TEST803571
LGR-000598,2024-03-15,Fatura  ÖDƏNIŞI  -  Öznur  Xidmətləri,2564.28,TEST860835
LGR-000599,2024-03-19,Mədaxil - İpək Yolu Ticarət,3645.71,TEST444295
LGR-000600,2024-01-22,Mədaxil - Öznur Xidmətləri,35.33,TEST549112
LGR-000601,2024-02-12,Xidmət haqqı - Bahar Qida MMC,4612.65,TEST812591
LGR-000602,2024-03-23,Fatura ödənişi - Günəş Ticarət MMC,3190.47,TEST284308
LGR-000603,2024-03-21,Ödəniş - Şəfəq Baytarlıq Kliniki,410.88,TEST376021
LGR-000604,2024-02-21,  Çek ödənişi - İpək Yolu Ticarət ,-4042.82,TEST707021
LGR-000605,2024-02-03,Xidmət haqqı - Zümrüd Logistika,2859.34,TEST678388
LGR-000606,2024-03-16,Mədaxil - Nərgiz Dizayn Studiyası,3854.22,TEST909652
LGR-000607,2024-03-28,Mədaxil - Xəzər Konsalting,118.68,TEST350484
LGR-000608,2024-03-26,Mədaxil - Qızıl Balıq Restoranı,346.94,TEST350484
LGR-000609,2024-03-28,Mədaxil - Şəfəq Baytarlıq Kliniki,101.99,TEST350484
LGR-000610,2024-03-27,  Mədaxil - Şəms MMC ,302.43,TEST350484
LGR-000611,2024-01-09,Ödəniş - Ulduz Tekstil,1946.90,TEST343007
LGR-000612,2024-03-01,Ödəniş  -  BAHAR  Qida  MMC,4822.44,TEST506945
LGR-000613,2024-02-03,  Malların dəyəri - Zümrüd Logistika ,3043.69,TEST975427
LGR-000614,2024-01-10,Ödəniş - Nərgiz Dizayn Studiyası,2718.80,TEST976052
LGR-000615,2024-01-10,  Ödəniş - Çinar Tikinti MMC ,2718.80,TEST976052
LGR-000616,2024-03-02,Ödəniş - İpək Yolu Ticarət,4661.33,TEST610511
LGR-000617,2024-03-06,  Mədaxil - Nərgiz Dizayn Studiyası ,3383.67,TEST180832
LGR-000618,2024-01-16,Ödəniş - Çinar Tikinti MMC,7032.23,TEST956639
LGR-000619,2024-03-02,Mədaxil - İpək Yolu Ticarət,1114.69,TEST808029
LGR-000620,2024-01-17,Mədaxil  -  İpək  Yolu  TICARƏT,3016.72,TEST145240
LGR-000621,2024-02-21,Ödəniş - İpək Yolu Ticarət,3152.35,TEST641737
LGR-000622,2024-03-18,  Mədaxil - Bahar Qida MMC ,2481.56,TEST571023
LGR-000623,2024-01-24,Çek ödənişi - Qızıl Balıq Restoranı,-3277.42,TEST960307
LGR-000624,2024-03-28,Malların dəyəri - Bahar Qida MMC,1806.58,TEST859364
LGR-000625,2024-01-03,Malların dəyəri - Zümrüd Logistika,1070.88,TEST213844
LGR-000626,2024-03-19,Malların dəyəri - Şəms MMC,3154.75,TEST598985
LGR-000627,2024-01-01,Fatura ödənişi - Çinar Tikinti MMC,2747.01,TEST967719
LGR-000628,2024-03-02,Fatura ödənişi - Çinar Tikinti MMC,4149.54,TEST340633
LGR-000629,2024-01-11,Ödəniş - Zümrüd Logistika,3146.77,TEST343807
LGR-000630,2024-01-01,Ödəniş  -  Zümrüd  Logistika,6160.63,TEST879769
LGR-000631,2024-02-24,Fatura ödənişi - İpək Y...,3426.13,TEST262297
LGR-000632,2024-03-28,Ödəniş - Ulduz Tekstil,2093.80,TEST388946
LGR-000633,2024-03-28,Ödəniş - Çinar Tikinti MMC,2093.80,TEST388946
LGR-000634,2024-02-09,Xidmət haqqı - Şəfəq Baytarlıq Kliniki,1815.41,TEST366105
LGR-000635,2024-01-30,Mədaxil - Zümrüd Logistika,302.68,TEST224870
LGR-000636,2024-01-29,Mədaxil - Zümrüd Logistika,468.30,TEST224870
LGR-000637,2024-01-28,Mədaxil  -  Şəfəq  baytarlıq  Kliniki,116.03,TEST224870
LGR-000638,2024-01-30,Mədaxil - Günəş Ticarət MMC,75.71,TEST224870
LGR-000639,2024-02-25,Mədaxil - Nərgiz Dizayn Studiyası,345.96,TEST729402
LGR-000640,2024-02-21,Ödəniş - Şəfəq Baytarlıq Kliniki,6537.89,TEST502995
LGR-000641,2024-01-26,Ödəniş - Ulduz Tekstil,1509.49,TEST111230
LGR-000642,2024-01-20,Mədaxil - Şəms MMC,451.72,TEST342924
LGR-000643,2024-01-22,Mədaxil - Nərgiz Dizayn Studiyası,33.63,TEST342924
LGR-000644,2024-01-21,Mədaxil - Qızıl Balıq Restoranı,245.75,TEST342924
LGR-000645,2024-01-20,Mədaxil - Ulduz Tekstil,166.79,TEST342924
LGR-000646,2024-01-09,Ödəniş - Zümrüd Logisti...,4829.13,TEST837801
LGR-000647,2024-02-05,Mədaxil - İpək Yolu Ticarət,1196.44,TEST464354
LGR-000648,2024-02-22,Malların  dəyəri  -  Günəş  Ticarət  MMC,2664.14,TEST283537
LGR-000649,2024-03-14,Xidmət haqqı - Şəfəq Baytarlıq Kliniki,1321.46,TEST664032
LGR-000650,2024-02-13,Xidmət haqqı - Bahar Qida MMC,4076.37,TEST894268
LGR-000651,2024-02-18,Mədaxil - Ulduz Tekstil,3332.21,TEST170835
LGR-000652,2024-01-02,Ödəniş - Nərgiz Dizayn Studiyası,1311.58,TEST661671
LGR-000653,2024-03-11,Xidmət haqqı...,4893.19,TEST179721
LGR-000654,2024-01-25,  Mədaxil - Ulduz Tekstil ,163.91,TEST299405
LGR-000655,2024-01-26,Mədaxil - İpək Yolu Ticarət,491.97,TEST299405
LGR-000656,2024-01-26,Mədaxil - Günəş Ticarət MMC,168.63,TEST299405
LGR-000657,2024-03-18,Mədaxil - Öznur Xidmətləri,14.34,TEST795650
LGR-000658,2024-03-18,Mədaxil - İpək Yolu Ticarət,364.86,TEST795650
LGR-000659,2024-03-18,Mədaxil - Xəzər Konsalting,37.69,TEST795650
LGR-000660,2024-02-20,Mədaxil  -  İpək  YOLU  Ticarət,3943.04,TEST393880
LGR-000661,2024-02-20,Malların dəyəri - Günəş Ticarət MMC,2407.02,TEST464158
LGR-000662,2024-01-27,Ödəniş - İpək Yolu Ticarə...,1999.29,TEST806848
LGR-000663,2024-02-04,Fatura ödənişi - İpək Yolu Ticarət,2481.20,TEST348658
LGR-000664,2024-02-17,Fatura ödənişi - Çinar Tikinti MMC,1924.06,TEST834750
LGR-000665,2024-02-04,Malların dəyəri - Ulduz Tekstil,4225.73,TEST855829
LGR-000666,2024-03-01,Ödəniş - Xəzər Konsalting,4234.02,TEST256812
LGR-000667,2024-03-12,Ödəniş - İpək Yolu Ticarət,4511.02,TEST363165
LGR-000668,2024-02-27,Ödəniş - Öznur Xidmətləri,3913.81,TEST200979
LGR-000669,2024-02-27,Ödəniş - Nərgiz Dizayn Studiyası,3913.81,TEST200979
LGR-000670,2024-02-14,  Malların dəyəri - Qızıl Balıq Restoranı ,4557.50,TEST227126
LGR-000671,2024-02-06,Malların dəyəri - Qızıl Balıq Restoranı,1714.40,TEST283017
LGR-000672,2024-03-19,Mədaxil - Bahar Qida MMC,1512.20,TEST499581
LGR-000673,2024-02-21,  Ödəniş - Günəş Ticarət MMC ,4460.68,TEST699405
LGR-000674,2024-02-21,  Ödəniş - Günəş Ticarət MMC ,4460.68,TEST699405
LGR-000675,2024-02-20,Çek ödənişi - Bahar Qida MMC,-1432.12,TEST775958
LGR-000676,2024-03-16,  Xidmət haqqı - Bahar Qida MMC ,2741.20,TEST884225
LGR-000677,2024-01-11,ödəniş  -  Çinar  Tikinti  MMC,1114.00,TEST834733
LGR-000678,2024-02-20,Ödəniş - G...,2757.17,TEST127645
LGR-000679,2024-01-30,Fatura ödənişi - Şəfəq Baytarlıq Kliniki,1307.07,TEST424398
LGR-000680,2024-02-28,Mədaxil  -  Bahar  Qida  MMC,316.17,TEST474175
LGR-000681,2024-02-28,Mədaxil - Bahar Qida MMC,364.27,TEST474175
LGR-000682,2024-02-28,Mədaxil - İpək Yolu Ticarət,188.52,TEST474175
LGR-000683,2024-03-09,Ödəniş - Öznur Xidmətləri,1633.51,TEST770593
LGR-000684,2024-03-09,Ödəniş - Bahar Qida MMC,1633.51,TEST770593
LGR-000685,2024-02-08,Malların dəyəri - Şəms MMC,65.34,TEST263281
LGR-000686,2024-03-29,Fatura  ödənişi  -  bahar  Qida  MMC,4974.78,TEST108721
LGR-000687,2024-02-17,Malların dəyəri - Çinar Tikinti MMC,998.65,TEST674842
LGR-000688,2024-02-19,Ödəniş - Ulduz Teks...,4353.34,TEST777370
LGR-000689,2024-03-19,Malların dəyəri - Qızıl Balıq Restoranı,1502.52,TEST901676
LGR-000690,2024-01-18,Xidmət haqqı - Günəş Ticarət MMC,1528.31,TEST291267
LGR-000691,2024-02-11,MALLARIN  dəyəri  -  Şəms  MMC,807.70,TEST296911
LGR-000692,2024-01-20,Mədaxil - Bahar...,87.20,TEST194578
LGR-000693,2024-01-05,Ödəniş - Xəzər Kon...,430.60,TEST830789
LGR-000694,2024-02-18,Ödəniş - Şəms MMC,4352.42,TEST956949
LGR-000695,2024-01-05,Ödəniş - Şəfəq Baytarlıq Kliniki,2426.10,TEST359168
LGR-000696,2024-03-28,Mədaxil - Öznur Xidmətləri,4918.46,TEST508024
LGR-000697,2024-01-26,  Ödəniş - Şəms MMC ,1899.67,TEST413328
LGR-000698,2024-01-26,Ödəniş  -  Qızıl  BALIQ  Restoranı,1899.67,TEST413328
LGR-000699,2024-02-01,Malların dəyəri - Şəms MMC,56.81,TEST927477
LGR-000700,2024-01-12,Xidmət  haqqı  -  Xəzər  KONSALTING,1314.02,TEST489439
LGR-000701,2024-03-03,Malların dəyəri - Öznur Xidmətləri,1229.88,TEST231939
LGR-000702,2024-01-25,Fatura ödənişi - Çinar Tikinti MMC,3623.65,TEST868804
LGR-000703,2024-02-26,  Xidmət haqqı - Zümrüd Logistika ,1555.15,TEST840951
LGR-000704,2024-02-29,  Malların dəyəri - İpək Yolu Ticarət ,1453.49,TEST439403
LGR-000705,2024-02-03,Xidmət  haqqı  -  Öznur  XIDMƏTLƏRI,2849.57,TEST959222
LGR-000706,2024-02-16,Ödəniş -...,4078.56,TEST998450
LGR-000707,2024-02-16,Ödəniş - Ulduz Tekstil,4078.56,TEST998450
LGR-000708,2024-03-04,Fatura ödənişi - İpək Yolu...,818.09,TEST816412
LGR-000709,2024-01-09,Mədaxil - Xəzər Konsalting,4388.81,TEST790897
LGR-000710,2024-01-13,Xidmət haqqı - Qızıl Balıq Restoranı,3003.74,TEST300924
LGR-000711,2024-01-05,Mədaxil  -  Günəş  Ticarət  MMC,250.09,TEST718975
LGR-000712,2024-01-07,Mədaxil - Bahar Qida MMC,154.65,TEST718975
LGR-000713,2024-01-07,Mədaxil - Öznur Xidmətləri,407.11,TEST718975
LGR-000714,2024-02-17,Ödəniş - Şəfəq Baytarlıq Kliniki,4174.15,TEST961957
LGR-000715,2024-02-08,Ödəniş - Ulduz Tekstil,418.60,TEST173807
LGR-000716,2024-03-08,Malların dəyəri - Ulduz Tekstil,3453.92,TEST302500
LGR-000717,2024-01-14,Mədaxil - Qızıl Balıq Restoranı,4027.53,TEST535352
LGR-000718,2024-03-24,Mədaxil - Çinar Tikinti MMC,289.88,TEST581003
LGR-000719,2024-03-24,Mədaxil - Xəzər Konsalting,78.22,TEST581003
LGR-000720,2024-03-24,Mədaxil - Bahar Qida MMC,119.32,TEST581003
LGR-000721,2024-03-25,Mədaxil - Zümrüd Logistika,128.22,TEST581003
LGR-000722,2024-02-17,Xidmət haqqı - Qızıl Balıq Restoranı,2171.86,TEST985893
LGR-000723,2024-01-28,Mədaxil - Zümrüd Logistika,1976.41,TEST672130
LGR-000724,2024-02-27,Ödəniş - Çinar Tikinti MMC,2356.18,TEST477496
LGR-000725,2024-02-08,Mədaxil - Ulduz Tekstil,1584.61,TEST241647
LGR-000726,2024-03-14,Ödəniş - Günəş Ticarət MMC,821.15,TEST683347
LGR-000727,2024-03-15,Fatura ödənişi - Ulduz Tekstil,1319.96,TEST484914
LGR-000728,2024-01-10,Mədaxil - Öznur Xidmətləri,3803.64,TEST327999
LGR-000729,2024-03-29,Ödəniş - İpək Yolu Ticarət,3694.94,TEST611994
LGR-000730,2024-02-12,Ödəniş - Çinar Tikinti MMC,4622.64,TEST158639
LGR-000731,2024-03-24,Ödəniş - Şəms MMC,4878.81,TEST337730
LGR-000732,2024-03-08,Malların dəyəri - Öznur Xidmətləri,225.91,TEST419588
LGR-000733,2024-01-07,Xidmət haqqı - Şəfəq Baytarlıq Kliniki,3541.78,TEST260639
LGR-000734,2024-02-25,MƏDAXIL  -  Çinar  Tikinti  MMC,1529.29,TEST332873
LGR-000735,2024-02-21,Mədaxil - Çinar Tikinti MMC,2640.99,TEST189211
LGR-000736,2024-03-24,Malların dəyəri - Zümrüd Logistika,1038.12,TEST514521
LGR-000737,2024-02-04,Fatura ödənişi - Çinar Tikinti MMC,4082.52,TEST175124
LGR-000738,2024-01-25,Malların dəyəri - Öznur Xidmətləri,1691.59,TEST465227
LGR-000739,2024-02-26,Xidmət  HAQQI  -  Xəzər  Konsalting,3277.26,TEST746154
LGR-000740,2024-01-11,  Ödəniş - Şəms MMC ,599.15,TEST994188
LGR-000741,2024-02-06,Ödəniş - Öznur Xidmət...,82.00,TEST972881
LGR-000742,2024-03-10,Malların dəyəri - Nərgiz Dizayn Studiyası,2753.42,TEST313701
LGR-000743,2024-03-14,Mədaxil  -  Xəzər  Konsalting,444.84,TEST119281
LGR-000744,2024-03-13,MƏDAXIL  -  Nərgiz  Dizayn  Studiyası,355.24,TEST119281
LGR-000745,2024-03-13,Mədaxil - Nərgiz Dizayn Studiyası,38.49,TEST119281
LGR-000746,2024-01-02,Mədaxil - Ulduz Tekstil,201.68,TEST477717
LGR-000747,2024-01-01,Mədaxil  -  ŞƏFƏQ  Baytarlıq  Kliniki,435.59,TEST477717
LGR-000748,2024-01-12,Çek ödənişi - Ulduz Tekstil,-987.36,TEST657381
LGR-000749,2024-01-03,Fatura ödənişi - Z...,1307.04,TEST687923
LGR-000750,2024-03-28,  Fatura ödənişi - Öznur Xidmətləri ,1855.03,TEST463625
LGR-000751,2024-02-19,Ödəniş - Şəms MMC,4678.27,TEST370196
LGR-000752,2024-02-19,  Ödəniş - Zümrüd Logistika ,4678.27,TEST370196
LGR-000753,2024-02-18,Malların dəyəri - Qızıl Balıq Restoranı,2740.06,TEST865344
LGR-000754,2024-02-24,Mədaxil - İpək Yolu Tic...,1647.78,TEST260169
LGR-000755,2024-03-24,Malların dəyəri - İpək Yolu Ticarət,736.54,TEST316800
LGR-000756,2024-03-08,Xidmət haqqı - Xəzər Konsalting,4778.72,TEST821978
LGR-000757,2024-02-10,Mədaxil - Zümrüd Logistika,365.54,TEST265725
LGR-000758,2024-01-24,Ödəniş  -  şəfəq  Baytarlıq  Kliniki,3430.25,TEST224138
LGR-000759,2024-02-26,  Fatura ödənişi - Qızıl Balıq Restoranı ,3919.14,TEST418083
LGR-000760,2024-02-04,  Ödəniş - İpək Yolu Ticarət ,3185.11,TEST746915
LGR-000761,2024-02-04,  Ödəniş - İpək Yolu Ticarət ,3185.11,TEST746915
LGR-000762,2024-01-16,Mədaxil - Qızıl Balıq Restoranı,339.20,TEST917707
LGR-000763,2024-01-17,Mədaxil - Bahar Qida MMC,406.30,TEST917707
LGR-000764,2024-01-18,  Mədaxil - Ulduz Tekstil ,317.20,TEST917707
LGR-000765,2024-01-02,  Xidmət haqqı - Nərgiz Dizayn Studiyası ,4861.94,TEST901677
LGR-000766,2024-02-26,Xidmət haqqı - İpək Yolu Ticarət,4556.25,TEST285679
LGR-000767,2024-01-06,Xidmət haqqı - Şəfəq Baytarlıq Kliniki,3197.30,TEST524533
LGR-000768,2024-03-17,Ödəniş - Qızıl Balıq Restoranı,2821.01,TEST699716
LGR-000769,2024-02-27,Mədaxil - Şəms MMC,4345.91,TEST214626
LGR-000770,2024-03-12,Ödəniş - Qızıl Balıq Restoranı,2041.08,TEST141158
LGR-000771,2024-02-08,Xidmət...,2428.78,TEST517375
LGR-000772,2024-03-23,Malların  dəyəri  -  Günəş  ticarət  MMC,2378.19,TEST586097
LGR-000773,2024-02-28,Mədaxil - Şəfəq Baytarlıq Kliniki,3104.95,TEST287567
LGR-000774,2024-01-21,Ödəniş  -  Şəfəq  baytarlıq  Kliniki,3776.35,TEST846030
LGR-000775,2024-01-21,Ödəniş  -  Günəş  ticarət  MMC,3776.35,TEST846030
LGR-000776,2024-03-11,Mədaxil - Şəms MMC,2005.47,TEST497073
LGR-000777,2024-01-19,Ödəniş - Şəfəq Baytarlıq Kliniki,947.77,TEST269999
LGR-000778,2024-03-21,Mədaxil  -  XƏZƏR  Konsalting,626.32,TEST402808
LGR-000779,2024-01-01,  Mədaxil - Bahar Qida MMC ,4637.90,TEST669902
LGR-000780,2024-02-26,  Ödəniş - İpək Yolu Ticarət ,3162.10,TEST530074
LGR-000781,2024-03-12,  Ödəniş - Ulduz Tekstil ,4309.79,TEST759172
LGR-000782,2024-03-12,Ödəniş  -  ŞƏMS  MMC,4309.79,TEST759172
LGR-000783,2024-02-12,Çek  ödənişi  -  günəş  Ticarət  MMC,-4835.46,TEST412938
LGR-000784,2024-02-06,Malların dəyəri - Qızıl Balıq Restoranı,3213.87,TEST804737
LGR-000785,2024-03-15,Ödəniş - Şəms MMC,4893.63,TEST885734
LGR-000786,2024-02-24,Ödəniş - Z...,4431.37,TEST895284
LGR-000787,2024-03-08,Mədaxil - Zümrüd Logistika,2179.28,TEST445200
LGR-000788,2024-01-12,Ödəniş - Şəfəq Baytarlıq Kliniki,2545.78,TEST654640
LGR-000789,2024-01-12,Ödəniş - Şəfəq Baytarlıq Kliniki,2545.78,TEST654640
LGR-000790,2024-03-08,Fatura ödənişi - İpək Yolu Ticarət,3025.40,TEST372273
LGR-000791,2024-03-21,  Malların dəyəri - Xəzər Konsalting ,2592.14,TEST864605
LGR-000792,2024-01-04,Ödəniş - Qızıl Balıq Restoranı,2447.33,TEST223949
LGR-000793,2024-01-06,Malların dəyəri - Öznur Xidmətləri,1760.03,TEST534153
LGR-000794,2024-01-09,Malların dəyəri - Nərgiz Dizayn Studiyası,1623.61,TEST928580
LGR-000795,2024-03-19,Ödəniş - Ulduz T...,405.31,TEST696557
LGR-000796,2024-01-05,Xidmət haqqı - Xəzər Konsalting,2534.42,TEST597549
LGR-000797,2024-02-22,Ödəniş - Şəfəq Baytarlıq Kliniki,4874.29,TEST584935
LGR-000798,2024-03-08,Mədaxil  -  Öznur  Xidmətləri,22.26,TEST430828
LGR-000799,2024-03-09,Mədaxil - Öznur Xidmətləri,146.48,TEST430828
LGR-000800,2024-03-07,Mədaxil - Zümrüd Logistika,388.40,TEST430828
LGR-000801,2024-03-07,Mədaxil - İpək Yolu Ticarət,459.24,TEST430828
LGR-000802,2024-02-09,Çek ödənişi - Öznur Xidmətləri,-3707.62,TEST222520
LGR-000803,2024-01-12,Fatura ödənişi - Ulduz Tekstil,2615.99,TEST533973
LGR-000804,2024-01-15,Mədaxil - Şəms MMC,1971.96,TEST283514
LGR-000805,2024-01-20,Malların dəyəri...,1793.18,TEST624344
LGR-000806,2024-01-17,Xidmət haqqı - Şəms MMC,3808.83,TEST809589
LGR-000807,2024-02-09,Malların dəyəri - Şəms MMC,4898.13,TEST104309
LGR-000808,2024-03-07,Fatura  ödənişi  -  Qızıl  Balıq  Restoranı,4026.99,TEST208111
LGR-000809,2024-03-09,Ödəniş - Ba...,1683.26,TEST390088
LGR-000810,2024-03-10,Fatura ödənişi - Zümrüd Logi...,1846.67,TEST316612
LGR-000811,2024-02-09,Malların dəyəri - Öznur Xidmətləri,3225.26,TEST174703
LGR-000812,2024-02-24,Malların dəyəri - Xəzər Konsalting,2064.77,TEST190302
LGR-000813,2024-01-26,Malların  dəyəri  -  qızıl  Balıq  Restoranı,3747.64,TEST448475
LGR-000814,2024-02-26,Mədaxil - Şəfəq Baytarlıq Kliniki,213.41,TEST591022
LGR-000815,2024-02-27,Mədaxil - Ulduz Tekstil,458.57,TEST591022
LGR-000816,2024-02-03,  Xidmət haqqı - Öznur Xidmətləri ,4796.02,TEST746910
LGR-000817,2024-03-03,Xidmət  haqqı  -  GÜNƏŞ  Ticarət  MMC,168.67,TEST575301
LGR-000818,2024-01-17,Çek ödənişi - Günəş Ticarət MMC,-2673.11,TEST702593
LGR-000819,2024-01-14,Ödəniş  -  qızıl  Balıq  Restoranı,3516.99,TEST935461
LGR-000820,2024-03-20,Mədaxil - Zümrüd Logistika,1287.64,TEST350164
LGR-000821,2024-02-25,Çek ödənişi - Öznur Xidmətləri,-2983.82,TEST552091
LGR-000822,2024-03-25,Malların dəyəri - Günəş Ticarət MMC,3520.65,TEST281493
LGR-000823,2024-03-12,Mədaxil - Bahar Qi...,4319.76,TEST441183
LGR-000824,2024-02-18,Çek ödənişi - Bahar Qida MMC,-1726.56,TEST908812
LGR-000825,2024-01-28,Malların dəyəri - Xəzər Konsalting,4293.60,TEST194930
LGR-000826,2024-03-07,  Mədaxil - Bahar Qida MMC ,201.03,TEST256464
LGR-000827,2024-03-07,Mədaxil - Öznur...,265.57,TEST256464
LGR-000828,2024-03-08,Mədaxil - Şəfəq Baytarlıq Kliniki,413.42,TEST256464
LGR-000829,2024-03-15,Malların dəyəri - İpək Yolu Ticarət,52.56,TEST193624
LGR-000830,2024-03-11,Malların dəyəri - Şəms MMC,288.54,TEST487158
LGR-000831,2024-03-30,Fatura ödənişi - Çinar Tikinti MMC,3104.15,TEST552686
LGR-000832,2024-03-25,Mədaxil - Xəzər Konsalting,2499.69,TEST321476
LGR-000833,2024-02-23,mədaxil  -  Nərgiz  Dizayn  Studiyası,818.80,TEST980764
LGR-000834,2024-02-25,Xidmət haqqı - Xəzər Konsalting,453.88,TEST789886
LGR-000835,2024-03-19,Mədaxil - Zümrüd Logistika,127.83,TEST733790
LGR-000836,2024-03-19,  Mədaxil - Öznur Xidmətləri ,307.79,TEST733790
LGR-000837,2024-03-19,Mədaxil  -  İpək  yolu  Ticarət,343.85,TEST733790
LGR-000838,2024-03-05,Malların dəyəri - Çinar Tikinti MMC,1421.64,TEST846722
LGR-000839,2024-02-17,Mədaxil - İpək Yolu Ticarət,603.30,TEST606743
LGR-000840,2024-03-06,Mədaxil - Günəş Ticarət MMC,193.12,TEST183952
LGR-000841,2024-03-06,  Mədaxil - Günəş Ticarət MMC ,314.70,TEST183952
LGR-000842,2024-03-25,Ödəniş - Günəş Ticarət MMC,3516.00,TEST877714
LGR-000843,2024-03-25,Ödəniş - Qızıl Balıq Restoranı,3516.00,TEST877714
LGR-000844,2024-01-02,Xidmət haqqı - Zümrüd Logistika,2390.44,TEST916344
LGR-000845,2024-01-22,Malların dəyəri - Şəfəq Baytarlıq Kliniki,195.21,TEST403257
LGR-000846,2024-03-14,Çek ödənişi - Qızıl Balıq Restoranı,-280.63,TEST277292
LGR-000847,2024-01-04,ödəniş  -  Günəş  Ticarət  MMC,1513.74,TEST754643
LGR-000848,2024-02-05,Ödəniş - Nərgiz Dizayn Studiyası,4507.64,TEST394620
LGR-000849,2024-02-05,Ödəniş - Şəms MMC,4507.64,TEST394620
LGR-000850,2024-01-22,Mədaxil - Xəzər Konsalting,181.21,TEST568349
LGR-000851,2024-01-23,Mədaxil - Öznur Xidmətləri,469.25,TEST568349
LGR-000852,2024-01-23,Mədaxil - İpək Yolu Ticarət,164.79,TEST568349
LGR-000853,2024-03-04,  Xidmət haqqı - Çinar Tikinti MMC ,3956.63,TEST978302
LGR-000854,2024-03-14,Ödəniş - Öznur Xidmətləri,3860.16,TEST321099
LGR-000855,2024-03-09,Xidmət haqqı - Çinar Tikinti MMC,1235.05,TEST599401
LGR-000856,2024-02-06,Fatura ödənişi - Qızıl Balıq Restoranı,2012.80,TEST112439
LGR-000857,2024-03-09,Xidmət haqqı - Öznur Xidmətləri,3351.93,TEST202093
LGR-000858,2024-03-24,Xidmət haqqı - Çinar Tikinti MMC,3072.76,TEST367747
LGR-000859,2024-01-25,Çek ödənişi - Öznur Xidmətləri,-2736.04,TEST907924
LGR-000860,2024-03-11,Ödəniş - Qızıl Balıq Restoranı,65.45,TEST428487
LGR-000861,2024-03-28,Fatura...,1852.95,TEST208954
LGR-000862,2024-01-28,Çek ödənişi - İpək Yolu Ticarət,-4993.29,TEST788500
LGR-000863,2024-01-12,Ödəniş - Çinar Tikinti MMC,6440.59,TEST225805
LGR-000864,2024-01-24,Mədaxil - Günəş Ticarət MMC,4707.62,TEST942216
LGR-000865,2024-02-29,Xidmət haqqı - Günəş Ticarət MMC,3472.80,TEST408877
LGR-000866,2024-02-02,Mədaxil - Çinar Tikinti MMC,116.14,TEST800007
LGR-000867,2024-02-02,Mədaxil - Nərgiz Dizayn Studiyası,58.49,TEST800007
LGR-000868,2024-02-01,Mədaxil - Xəzər Konsalting,191.72,TEST800007
LGR-000869,2024-03-19,Xidmət  haqqı  -  Qızıl  balıq  Restoranı,945.55,TEST310416
LGR-000870,2024-02-26,ödəniş  -  Nərgiz  Dizayn  Studiyası,3760.75,TEST211410
LGR-000871,2024-02-26,Ödəniş - Günəş Ticar...,3760.75,TEST211410
LGR-000872,2024-02-19,Fatura ödənişi - Xəzər Konsalting,1406.89,TEST796889
LGR-000873,2024-01-09,Ödəniş - Ulduz Tekstil,2841.83,TEST985049
LGR-000874,2024-03-28,Ödəniş - Çinar Tikinti MMC,1597.69,TEST449636
LGR-000875,2024-02-28,  Mədaxil - Nərgiz Dizayn Studiyası ,3996.96,TEST184365
LGR-000876,2024-03-28,Mədaxil - Öznur Xidmətləri,265.65,TEST300281
LGR-000877,2024-03-28,Mədaxil - Bahar Qida MMC,79.97,TEST300281
LGR-000878,2024-03-30,  Mədaxil - Şəms MMC ,423.28,TEST300281
LGR-000879,2024-01-31,Ödəniş - Günəş Ticarət MMC,5229.97,TEST721748
LGR-000880,2024-02-27,Ödəniş...,204.21,TEST659876
LGR-000881,2024-03-24,Xidmət haqqı - Zümrüd Logistika,3508.65,TEST946309
LGR-000882,2024-01-19,Ödəniş - Qızıl Balıq Restoranı,2573.21,TEST138669
LGR-000883,2024-03-21,Ödəniş - Nərgiz Dizayn Studiyası,271.92,TEST280616
LGR-000884,2024-01-14,Malların dəyəri - Bahar Qida MMC,608.63,TEST957525
LGR-000885,2024-02-21,Ödəniş - Qızıl Balıq Restoranı,1709.92,TEST811351
LGR-000886,2024-02-12,Çek ödənişi - Günəş Ticarət MM...,-341.46,TEST281873
LGR-000887,2024-03-30,Mədaxil - Zümrüd Logistika,1949.48,TEST276214
LGR-000888,2024-02-18,Ödəniş - Xəzər Konsalting,4087.18,TEST742191
LGR-000889,2024-02-18,ÖDƏNIŞ  -  Şəms  MMC,4087.18,TEST742191
LGR-000890,2024-03-29,Ödəniş - Xəzər Konsalting,1090.87,TEST599135
LGR-000891,2024-01-23,Ödəniş - Şəfəq Baytarlıq Kliniki,3210.97,TEST350875
LGR-000892,2024-02-08,Ödəniş - Çinar Tikinti MMC,1833.75,TEST757658
LGR-000893,2024-03-10,Ödəniş - Ulduz Tekstil,2670.97,TEST479481
LGR-000894,2024-03-10,Ödəniş - Bahar Qida MMC,2670.97,TEST479481
LGR-000895,2024-01-23,Ödəniş - Şəms MMC,3523.47,TEST621682
LGR-000896,2024-03-19,ödəniş  -  Bahar  Qida  MMC,4231.32,TEST450533
LGR-000897,2024-03-06,Mədaxil - Günəş Ticarət MMC,618.51,TEST608623
LGR-000898,2024-03-27,Mədaxil - Öznur Xidmətləri,4720.06,TEST308405
LGR-000899,2024-02-22,Xidmət haqqı - Ulduz Tekstil,4570.70,TEST873584
LGR-000900,2024-02-25,  Xidmət haqqı - İpək Yolu Ticarət ,1143.32,TEST156978
LGR-000901,2024-01-25,Fatura  ödənişi  -  Ulduz  TEKSTIL,1423.97,TEST854787
LGR-000902,2024-02-13,  Malların dəyəri - Nərgiz Dizayn Studiyası ,1162.66,TEST897273
LGR-000903,2024-01-30,Mədaxil - Çinar Tikinti MMC,463.37,TEST679606
LGR-000904,2024-03-16,Fatura  ödənişi  -  bahar  Qida  MMC,4398.23,TEST326956
LGR-000905,2024-03-15,Mədaxil - İpək Yolu Ticarət,1176.05,TEST555342
LGR-000906,2024-03-01,Ödəniş - Zümrüd Logistika,3855.52,TEST142004
LGR-000907,2024-02-27,Mədaxil - Zümrüd Logistika,334.59,TEST961186
LGR-000908,2024-02-25,Mədaxil - Şəfəq Baytarlıq Kliniki,167.62,TEST961186
LGR-000909,2024-02-15,Ödəniş  -  ULDUZ  Tekstil,1560.79,TEST239158
LGR-000910,2024-01-04,Ödəniş - Xəzər Konsalting,2394.67,TEST712011
LGR-000911,2024-02-29,Ödəniş - Qızıl Balıq Restoranı,3700.47,TEST757258
LGR-000912,2024-01-03,Mədaxil - Zümrüd Logistika,204.37,TEST449077
LGR-000913,2024-01-05,Mədaxil  -  qızıl  Balıq  Restoranı,289.11,TEST449077
LGR-000914,2024-01-05,Mədaxil - Zümrüd Logistika,186.80,TEST449077
LGR-000915,2024-01-03,Mədaxil - Öznur Xidmətləri,467.47,TEST449077
LGR-000916,2024-02-16,Ödəniş - İpək Yolu Ticarət,2449.78,TEST501557
LGR-000917,2024-03-12,Ödəniş - Xəzər Konsalting,7537.93,TEST170260
LGR-000918,2024-03-02,Mədaxil - İpək Yolu Ticarət,3875.99,TEST780566
LGR-000919,2024-02-24,Fatura ödənişi - Günə...,295.52,TEST813269
LGR-000920,2024-03-09,Fatura ödənişi - Zümrüd Logistika,3566.28,TEST593002
LGR-000921,2024-01-25,Mədaxil - Çinar Tikinti MMC,310.07,TEST948083
LGR-000922,2024-01-24,Mədaxil  -  GÜNƏŞ  Ticarət  MMC,67.21,TEST948083
LGR-000923,2024-01-20,Malların dəyəri - Ulduz Tekstil,4597.48,TEST620438
LGR-000924,2024-02-23,Ödəniş -...,3877.72,TEST463541
LGR-000925,2024-02-12,Fatura ödənişi - Öznur Xidmətləri,3044.07,TEST775987
LGR-000926,2024-03-11,Malların  dəyəri  -  Nərgiz  Dizayn  Studiyası,2411.27,TEST982804
LGR-000927,2024-01-07,Fatura ödənişi - Öznur Xidmətləri,787.72,TEST402143
LGR-000928,2024-03-09,Mədaxil - Xəzər Konsalting,1505.51,TEST846389
LGR-000929,2024-02-10,Xidmət haqq...,3022.16,TEST143150
LGR-000930,2024-02-10,Fatura ödənişi - Xəzər Konsalting,1812.74,TEST797883
LGR-000931,2024-02-21,Mədaxil - Bahar Qida MMC,4891.48,TEST126135
LGR-000932,2024-03-05,Ödəniş - Şəfəq...,1746.86,TEST672675
LGR-000933,2024-03-26,Ödəniş - İpək Yolu Ticarət,4202.08,TEST701596
LGR-000934,2024-01-15,Ödəniş  -  Bahar  Qida  MMC,3845.90,TEST822622
LGR-000935,2024-02-15,Ödəniş - Öznur Xidmətləri,494.86,TEST567636
LGR-000936,2024-02-05,Ödəniş - Şəms MMC,1036.11,TEST919234
LGR-000937,2024-02-20,Fatura ödənişi - Bahar Qida MMC,1029.47,TEST636648
LGR-000938,2024-01-18,Mədaxil  -  ÖZNUR  Xidmətləri,479.21,TEST478603
LGR-000939,2024-01-18,Mədaxil  -  Zümrüd  logistika,290.25,TEST478603
LGR-000940,2024-01-18,Mədaxil - Bahar Qid...,252.24,TEST478603
LGR-000941,2024-01-18,Ödəniş  -  İpək  Yolu  Ticarət,4390.48,TEST534313
LGR-000942,2024-01-09,Ödəniş  -  ÇINAR  Tikinti  MMC,3974.21,TEST451709
LGR-000943,2024-01-18,Ödəniş - Çinar Tikint...,2189.36,TEST695503
LGR-000944,2024-03-12,MƏDAXIL  -  Bahar  Qida  MMC,3888.97,TEST618101
LGR-000945,2024-01-16,Ödəniş - Qızıl Balıq Restoranı,3437.86,TEST595495
LGR-000946,2024-01-16,Ödəniş - Nərgiz Dizayn Studiyası,3437.86,TEST595495
LGR-000947,2024-02-05,Malların dəyəri - Günəş Ticarət MMC,2595.00,TEST901865
LGR-000948,2024-03-21,Fatura ödənişi - Günəş Ticarət MMC,3649.84,TEST370439
LGR-000949,2024-03-15,Fatura ödənişi - Xəzər Konsalting,316.76,TEST270757
LGR-000950,2024-02-16,Fatura  ödənişi  -  Qızıl  Balıq  Restoranı,2209.46,TEST385915
LGR-000951,2024-01-24,Ödəniş - Xəzər Konsalting,3149.23,TEST758537
LGR-000952,2024-02-03,Mədaxil - Günəş Ticarət MMC,459.21,TEST938732
LGR-000953,2024-02-03,Mədaxil  -  XƏZƏR  Konsalting,467.41,TEST938732
LGR-000954,2024-02-03,Mədaxil - Ç...,461.11,TEST938732
LGR-000955,2024-01-20,Mədaxil - Ulduz Tekstil,2649.17,TEST328459
LGR-000956,2024-03-09,Xidmət haqqı - Günəş Ticarət MMC,3691.89,TEST987168
LGR-000957,2024-02-09,Malların dəyəri - Bahar Qida MMC,738.83,TEST465124
LGR-000958,2024-02-08,  Ödəniş - Şəfəq Baytarlıq Kliniki ,160.78,TEST844378
LGR-000959,2024-01-27,Xidmət haqqı - Günəş Ticarət MMC,692.71,TEST231432
LGR-000960,2024-01-14,Malların dəyəri - Qızıl Balıq Restoranı,181.92,TEST305888
LGR-000961,2024-01-02,Ödəniş - Günəş Ticarət MMC,3966.01,TEST800015
LGR-000962,2024-03-26,Ödəniş  -  şəms  MMC,1853.04,TEST293757
LGR-000963,2024-03-19,Ödəniş  -  İpək  Yolu  ticarət,2657.17,TEST918730
LGR-000964,2024-02-06,Ödəniş - Şəms MMC,1901.17,TEST300852
LGR-000965,2024-02-16,Ödəniş - Bahar Qida MMC,7420.45,TEST597775
LGR-000966,2024-03-06,Ödəniş - Çinar Tikinti MMC,1203.03,TEST324682
LGR-000967,2024-02-16,Ödəniş  -  Şəfəq  BAYTARLIQ  Kliniki,2930.97,TEST899301
LGR-000968,2024-03-28,Ödəniş - Ulduz Tekstil,4419.73,TEST427162
LGR-000969,2024-01-09,  Fatura ödənişi - Bahar Qida MMC ,4701.09,TEST998392
LGR-000970,2024-03-07,Ödəniş  -  Qızıl  BALIQ  Restoranı,3462.68,TEST559337
LGR-000971,2024-01-09,  Ödəniş - Öznur Xidmətləri ,1916.88,TEST276919
LGR-000972,2024-01-30,Xidmət haqqı - Çinar Tikinti...,4404.10,TEST228725
LGR-000973,2024-03-23,Ödəniş - Bahar Qida MMC,1876.97,TEST927843
LGR-000974,2024-02-05,Ödəniş  -  Bahar  QIDA  MMC,4036.52,TEST636256
LGR-000975,2024-01-13,Ödəniş - Şəms MMC,3878.18,TEST131167
LGR-000976,2024-03-27,Fatura ödənişi - Xəzər Konsalting,1724.19,TEST733952
LGR-000977,2024-03-03,Mədaxil - Bahar Qida MMC,315.41,TEST888119
LGR-000978,2024-03-02,Mədaxil - Öznur Xidmətləri,142.33,TEST888119
LGR-000979,2024-03-02,mədaxil  -  Zümrüd  Logistika,202.38,TEST888119
LGR-000980,2024-03-04,Mədaxil - Çinar Tikinti MMC,443.90,TEST888119
LGR-000981,2024-02-28,Mədaxil - Şəms MMC,198.64,TEST564053
LGR-000982,2024-02-25,Xidmət haqqı - Nərgiz Dizayn Studiyası,715.10,TEST615353
LGR-000983,2024-03-11,Xidmət haqqı - Bahar Qida MMC,3010.02,TEST792142
LGR-000984,2024-02-03,Xidmət haqqı - İpək Yolu Ticarət,2603.60,TEST510396
LGR-000985,2024-01-08,Ödəniş  -  İPƏK  Yolu  Ticarət,157.57,TEST436050
LGR-000986,2024-02-14,Fatura  ÖDƏNIŞI  -  Çinar  Tikinti  MMC,1883.62,TEST548945
LGR-000987,2024-01-13,Mədaxil  -  Öznur  xidmətləri,231.24,TEST168681
LGR-000988,2024-01-14,Mədaxil  -  Nərgiz  dizayn  Studiyası,121.26,TEST168681
LGR-000989,2024-01-14,Mədaxil - Çinar Tikinti MMC,22.91,TEST168681
LGR-000990,2024-01-13,Ödəniş - Bahar Qida MMC,4247.95,TEST700350
LGR-000991,2024-02-13,Ödəniş - Nərgiz Dizayn Studiyası,3233.46,TEST799806
LGR-000992,2024-01-10,Fatura  ödənişi  -  Nərgiz  DIZAYN  Studiyası,1132.39,TEST766311
LGR-000993,2024-03-15,Ödəniş - Öznur Xidmətlər...,506.67,TEST196424
LGR-000994,2024-01-27,Fatura ödənişi - Günəş Ticarət MMC,4181.50,TEST547852
LGR-000995,2024-01-26,Malların dəyəri - Nərgiz Dizayn Studiyası,2119.21,TEST428574
LGR-000996,2024-01-03,Mədaxil - Şəfəq Baytarlıq Kliniki,3301.71,TEST289373
LGR-000997,2024-03-04,Xidmət haqqı - Qızıl Balıq...,1126.48,TEST704864
LGR-000998,2024-03-13,Ödəniş - Ulduz Tekstil,2748.19,TEST554793
LGR-000999,2024-02-25,Ödəniş - Günəş Ticarət MMC,1680.66,TEST414861
LGR-001000,2024-02-06,Fatura ödənişi - Xəzər Konsalting,3397.12,TEST963723
